-17,7,HgW9SGtsFSiOUla+TCBa+kxA/vw=,9rwnJAVV0hU0l44MIAkI2Pw9gtA=
-24,7,HgW9SGtsFSiOUla+TCBa+kxA/vw=,9rwnJAVV0hU0l44MIAkI2Pw9gtA=
-18,7,HgW9SGtsFSiOUla+TCBa+kxA/vw=,9rwnJAVV0hU0l44MIAkI2Pw9gtA=
-17,8,HgW9SGtsFSiOUla+TCBa+kxA/vw=,9rwnJAVV0hU0l44MIAkI2Pw9gtA=
-17,11,HgW9SGtsFSiOUla+TCBa+kxA/vw=,9rwnJAVV0hU0l44MIAkI2Pw9gtA=
-19,7,HgW9SGtsFSiOUla+TCBa+kxA/vw=,9rwnJAVV0hU0l44MIAkI2Pw9gtA=
-24,6,HgW9SGtsFSiOUla+TCBa+kxA/vw=,9rwnJAVV0hU0l44MIAkI2Pw9gtA=
-17,10,HgW9SGtsFSiOUla+TCBa+kxA/vw=,9rwnJAVV0hU0l44MIAkI2Pw9gtA=
-20,7,HgW9SGtsFSiOUla+TCBa+kxA/vw=,9rwnJAVV0hU0l44MIAkI2Pw9gtA=
-24,5,HgW9SGtsFSiOUla+TCBa+kxA/vw=,9rwnJAVV0hU0l44MIAkI2Pw9gtA=
-17,5,HgW9SGtsFSiOUla+TCBa+kxA/vw=,9rwnJAVV0hU0l44MIAkI2Pw9gtA=
-18,5,QWBaSXrCuxPmYCTKiUN73FhFzqI=,9rwnJAVV0hU0l44MIAkI2Pw9gtA=
-17,9,QWBaSXrCuxPmYCTKiUN73FhFzqI=,9rwnJAVV0hU0l44MIAkI2Pw9gtA=
-19,9,QWBaSXrCuxPmYCTKiUN73FhFzqI=,9rwnJAVV0hU0l44MIAkI2Pw9gtA=
-20,9,QWBaSXrCuxPmYCTKiUN73FhFzqI=,9rwnJAVV0hU0l44MIAkI2Pw9gtA=
-32,7,QWBaSXrCuxPmYCTKiUN73FhFzqI=,9rwnJAVV0hU0l44MIAkI2Pw9gtA=
-24,4,QWBaSXrCuxPmYCTKiUN73FhFzqI=,9rwnJAVV0hU0l44MIAkI2Pw9gtA=
-20,6,QWBaSXrCuxPmYCTKiUN73FhFzqI=,9rwnJAVV0hU0l44MIAkI2Pw9gtA=
-18,9,QWBaSXrCuxPmYCTKiUN73FhFzqI=,9rwnJAVV0hU0l44MIAkI2Pw9gtA=
-18,8,QWBaSXrCuxPmYCTKiUN73FhFzqI=,9rwnJAVV0hU0l44MIAkI2Pw9gtA=
-27,0,QWBaSXrCuxPmYCTKiUN73FhFzqI=,9rwnJAVV0hU0l44MIAkI2Pw9gtA=
-32,0,QWBaSXrCuxPmYCTKiUN73FhFzqI=,9rwnJAVV0hU0l44MIAkI2Pw9gtA=
-27,6,QWBaSXrCuxPmYCTKiUN73FhFzqI=,9rwnJAVV0hU0l44MIAkI2Pw9gtA=
-18,15,QWBaSXrCuxPmYCTKiUN73FhFzqI=,9rwnJAVV0hU0l44MIAkI2Pw9gtA=
-20,10,QWBaSXrCuxPmYCTKiUN73FhFzqI=,9rwnJAVV0hU0l44MIAkI2Pw9gtA=
-19,6,QWBaSXrCuxPmYCTKiUN73FhFzqI=,9rwnJAVV0hU0l44MIAkI2Pw9gtA=
-19,8,QWBaSXrCuxPmYCTKiUN73FhFzqI=,9rwnJAVV0hU0l44MIAkI2Pw9gtA=
-18,10,tHRXRypcEkry6nWaiIbw5rAE43E=,9rwnJAVV0hU0l44MIAkI2Pw9gtA=
-29,7,tHRXRypcEkry6nWaiIbw5rAE43E=,9rwnJAVV0hU0l44MIAkI2Pw9gtA=
-19,10,tHRXRypcEkry6nWaiIbw5rAE43E=,9rwnJAVV0hU0l44MIAkI2Pw9gtA=
-20,11,tHRXRypcEkry6nWaiIbw5rAE43E=,9rwnJAVV0hU0l44MIAkI2Pw9gtA=
-32,1,tHRXRypcEkry6nWaiIbw5rAE43E=,9rwnJAVV0hU0l44MIAkI2Pw9gtA=
-20,8,tHRXRypcEkry6nWaiIbw5rAE43E=,9rwnJAVV0hU0l44MIAkI2Pw9gtA=
-28,0,tHRXRypcEkry6nWaiIbw5rAE43E=,9rwnJAVV0hU0l44MIAkI2Pw9gtA=
-18,11,tHRXRypcEkry6nWaiIbw5rAE43E=,9rwnJAVV0hU0l44MIAkI2Pw9gtA=
-28,6,tHRXRypcEkry6nWaiIbw5rAE43E=,9rwnJAVV0hU0l44MIAkI2Pw9gtA=
-19,15,tHRXRypcEkry6nWaiIbw5rAE43E=,9rwnJAVV0hU0l44MIAkI2Pw9gtA=
-32,3,q2ZCGder2rxl1Al94tqovaj66do=,9rwnJAVV0hU0l44MIAkI2Pw9gtA=
-19,11,q2ZCGder2rxl1Al94tqovaj66do=,9rwnJAVV0hU0l44MIAkI2Pw9gtA=
-27,5,q2ZCGder2rxl1Al94tqovaj66do=,9rwnJAVV0hU0l44MIAkI2Pw9gtA=
-26,0,q2ZCGder2rxl1Al94tqovaj66do=,9rwnJAVV0hU0l44MIAkI2Pw9gtA=
-30,7,q2ZCGder2rxl1Al94tqovaj66do=,9rwnJAVV0hU0l44MIAkI2Pw9gtA=
-18,6,q2ZCGder2rxl1Al94tqovaj66do=,9rwnJAVV0hU0l44MIAkI2Pw9gtA=
-20,4,q2ZCGder2rxl1Al94tqovaj66do=,9rwnJAVV0hU0l44MIAkI2Pw9gtA=
-30,3,q2ZCGder2rxl1Al94tqovaj66do=,9rwnJAVV0hU0l44MIAkI2Pw9gtA=
-29,0,q2ZCGder2rxl1Al94tqovaj66do=,9rwnJAVV0hU0l44MIAkI2Pw9gtA=
-17,6,q2ZCGder2rxl1Al94tqovaj66do=,9rwnJAVV0hU0l44MIAkI2Pw9gtA=
-32,6,q2ZCGder2rxl1Al94tqovaj66do=,9rwnJAVV0hU0l44MIAkI2Pw9gtA=
-32,4,q2ZCGder2rxl1Al94tqovaj66do=,9rwnJAVV0hU0l44MIAkI2Pw9gtA=
-19,4,q2ZCGder2rxl1Al94tqovaj66do=,9rwnJAVV0hU0l44MIAkI2Pw9gtA=
-31,1,q2ZCGder2rxl1Al94tqovaj66do=,9rwnJAVV0hU0l44MIAkI2Pw9gtA=
-20,15,q2ZCGder2rxl1Al94tqovaj66do=,9rwnJAVV0hU0l44MIAkI2Pw9gtA=
-25,2,q2ZCGder2rxl1Al94tqovaj66do=,9rwnJAVV0hU0l44MIAkI2Pw9gtA=
-28,5,q2ZCGder2rxl1Al94tqovaj66do=,9rwnJAVV0hU0l44MIAkI2Pw9gtA=
-23,1,q2ZCGder2rxl1Al94tqovaj66do=,9rwnJAVV0hU0l44MIAkI2Pw9gtA=
-17,0,q2ZCGder2rxl1Al94tqovaj66do=,9rwnJAVV0hU0l44MIAkI2Pw9gtA=
-25,5,q2ZCGder2rxl1Al94tqovaj66do=,9rwnJAVV0hU0l44MIAkI2Pw9gtA=
-31,7,q2ZCGder2rxl1Al94tqovaj66do=,9rwnJAVV0hU0l44MIAkI2Pw9gtA=
-26,2,q2ZCGder2rxl1Al94tqovaj66do=,9rwnJAVV0hU0l44MIAkI2Pw9gtA=
-30,0,q2ZCGder2rxl1Al94tqovaj66do=,9rwnJAVV0hU0l44MIAkI2Pw9gtA=
-25,0,q2ZCGder2rxl1Al94tqovaj66do=,9rwnJAVV0hU0l44MIAkI2Pw9gtA=
-17,14,q2ZCGder2rxl1Al94tqovaj66do=,9rwnJAVV0hU0l44MIAkI2Pw9gtA=
-18,0,q2ZCGder2rxl1Al94tqovaj66do=,9rwnJAVV0hU0l44MIAkI2Pw9gtA=
-22,1,q2ZCGder2rxl1Al94tqovaj66do=,9rwnJAVV0hU0l44MIAkI2Pw9gtA=
-25,4,q2ZCGder2rxl1Al94tqovaj66do=,9rwnJAVV0hU0l44MIAkI2Pw9gtA=
-30,1,q2ZCGder2rxl1Al94tqovaj66do=,9rwnJAVV0hU0l44MIAkI2Pw9gtA=
-28,2,q2ZCGder2rxl1Al94tqovaj66do=,9rwnJAVV0hU0l44MIAkI2Pw9gtA=
-32,5,q2ZCGder2rxl1Al94tqovaj66do=,9rwnJAVV0hU0l44MIAkI2Pw9gtA=
-25,1,q2ZCGder2rxl1Al94tqovaj66do=,9rwnJAVV0hU0l44MIAkI2Pw9gtA=
-17,13,q2ZCGder2rxl1Al94tqovaj66do=,9rwnJAVV0hU0l44MIAkI2Pw9gtA=
-31,0,q2ZCGder2rxl1Al94tqovaj66do=,9rwnJAVV0hU0l44MIAkI2Pw9gtA=
-26,4,q2ZCGder2rxl1Al94tqovaj66do=,9rwnJAVV0hU0l44MIAkI2Pw9gtA=
-19,0,q2ZCGder2rxl1Al94tqovaj66do=,9rwnJAVV0hU0l44MIAkI2Pw9gtA=
-21,1,q2ZCGder2rxl1Al94tqovaj66do=,9rwnJAVV0hU0l44MIAkI2Pw9gtA=
-20,1,q2ZCGder2rxl1Al94tqovaj66do=,9rwnJAVV0hU0l44MIAkI2Pw9gtA=
-17,12,q2ZCGder2rxl1Al94tqovaj66do=,9rwnJAVV0hU0l44MIAkI2Pw9gtA=
-29,4,q2ZCGder2rxl1Al94tqovaj66do=,9rwnJAVV0hU0l44MIAkI2Pw9gtA=
-28,3,q2ZCGder2rxl1Al94tqovaj66do=,9rwnJAVV0hU0l44MIAkI2Pw9gtA=
-26,3,q2ZCGder2rxl1Al94tqovaj66do=,9rwnJAVV0hU0l44MIAkI2Pw9gtA=
-26,1,q2ZCGder2rxl1Al94tqovaj66do=,9rwnJAVV0hU0l44MIAkI2Pw9gtA=
-26,5,q2ZCGder2rxl1Al94tqovaj66do=,9rwnJAVV0hU0l44MIAkI2Pw9gtA=
-31,3,q2ZCGder2rxl1Al94tqovaj66do=,9rwnJAVV0hU0l44MIAkI2Pw9gtA=
-27,1,q2ZCGder2rxl1Al94tqovaj66do=,9rwnJAVV0hU0l44MIAkI2Pw9gtA=
-25,3,q2ZCGder2rxl1Al94tqovaj66do=,9rwnJAVV0hU0l44MIAkI2Pw9gtA=
-28,1,q2ZCGder2rxl1Al94tqovaj66do=,9rwnJAVV0hU0l44MIAkI2Pw9gtA=
-18,1,q2ZCGder2rxl1Al94tqovaj66do=,9rwnJAVV0hU0l44MIAkI2Pw9gtA=
-18,14,q2ZCGder2rxl1Al94tqovaj66do=,9rwnJAVV0hU0l44MIAkI2Pw9gtA=
-19,1,q2ZCGder2rxl1Al94tqovaj66do=,9rwnJAVV0hU0l44MIAkI2Pw9gtA=
-20,12,q2ZCGder2rxl1Al94tqovaj66do=,9rwnJAVV0hU0l44MIAkI2Pw9gtA=
-27,4,q2ZCGder2rxl1Al94tqovaj66do=,9rwnJAVV0hU0l44MIAkI2Pw9gtA=
-32,2,q2ZCGder2rxl1Al94tqovaj66do=,9rwnJAVV0hU0l44MIAkI2Pw9gtA=
-23,2,q2ZCGder2rxl1Al94tqovaj66do=,9rwnJAVV0hU0l44MIAkI2Pw9gtA=
-25,7,q2ZCGder2rxl1Al94tqovaj66do=,9rwnJAVV0hU0l44MIAkI2Pw9gtA=
-17,1,q2ZCGder2rxl1Al94tqovaj66do=,9rwnJAVV0hU0l44MIAkI2Pw9gtA=
-27,3,q2ZCGder2rxl1Al94tqovaj66do=,9rwnJAVV0hU0l44MIAkI2Pw9gtA=
-27,2,q2ZCGder2rxl1Al94tqovaj66do=,9rwnJAVV0hU0l44MIAkI2Pw9gtA=
-20,13,q2ZCGder2rxl1Al94tqovaj66do=,9rwnJAVV0hU0l44MIAkI2Pw9gtA=
-22,2,q2ZCGder2rxl1Al94tqovaj66do=,9rwnJAVV0hU0l44MIAkI2Pw9gtA=
-21,2,q2ZCGder2rxl1Al94tqovaj66do=,9rwnJAVV0hU0l44MIAkI2Pw9gtA=
-17,15,q2ZCGder2rxl1Al94tqovaj66do=,9rwnJAVV0hU0l44MIAkI2Pw9gtA=
-31,2,q2ZCGder2rxl1Al94tqovaj66do=,9rwnJAVV0hU0l44MIAkI2Pw9gtA=
-20,0,q2ZCGder2rxl1Al94tqovaj66do=,9rwnJAVV0hU0l44MIAkI2Pw9gtA=
-20,2,q2ZCGder2rxl1Al94tqovaj66do=,9rwnJAVV0hU0l44MIAkI2Pw9gtA=
-19,12,q2ZCGder2rxl1Al94tqovaj66do=,9rwnJAVV0hU0l44MIAkI2Pw9gtA=
-19,14,q2ZCGder2rxl1Al94tqovaj66do=,9rwnJAVV0hU0l44MIAkI2Pw9gtA=
-18,12,q2ZCGder2rxl1Al94tqovaj66do=,9rwnJAVV0hU0l44MIAkI2Pw9gtA=
-30,4,q2ZCGder2rxl1Al94tqovaj66do=,9rwnJAVV0hU0l44MIAkI2Pw9gtA=
-18,4,q2ZCGder2rxl1Al94tqovaj66do=,9rwnJAVV0hU0l44MIAkI2Pw9gtA=
-31,5,q2ZCGder2rxl1Al94tqovaj66do=,9rwnJAVV0hU0l44MIAkI2Pw9gtA=
-19,13,q2ZCGder2rxl1Al94tqovaj66do=,9rwnJAVV0hU0l44MIAkI2Pw9gtA=
-30,5,q2ZCGder2rxl1Al94tqovaj66do=,9rwnJAVV0hU0l44MIAkI2Pw9gtA=
-18,13,q2ZCGder2rxl1Al94tqovaj66do=,9rwnJAVV0hU0l44MIAkI2Pw9gtA=
-28,4,q2ZCGder2rxl1Al94tqovaj66do=,9rwnJAVV0hU0l44MIAkI2Pw9gtA=
-31,4,q2ZCGder2rxl1Al94tqovaj66do=,9rwnJAVV0hU0l44MIAkI2Pw9gtA=
-29,5,q2ZCGder2rxl1Al94tqovaj66do=,9rwnJAVV0hU0l44MIAkI2Pw9gtA=
-30,6,q2ZCGder2rxl1Al94tqovaj66do=,9rwnJAVV0hU0l44MIAkI2Pw9gtA=
-31,6,q2ZCGder2rxl1Al94tqovaj66do=,9rwnJAVV0hU0l44MIAkI2Pw9gtA=
-25,6,q2ZCGder2rxl1Al94tqovaj66do=,9rwnJAVV0hU0l44MIAkI2Pw9gtA=
-30,2,q2ZCGder2rxl1Al94tqovaj66do=,9rwnJAVV0hU0l44MIAkI2Pw9gtA=
-22,0,q2ZCGder2rxl1Al94tqovaj66do=,9rwnJAVV0hU0l44MIAkI2Pw9gtA=
-29,3,q2ZCGder2rxl1Al94tqovaj66do=,9rwnJAVV0hU0l44MIAkI2Pw9gtA=
-29,1,q2ZCGder2rxl1Al94tqovaj66do=,9rwnJAVV0hU0l44MIAkI2Pw9gtA=
-21,0,q2ZCGder2rxl1Al94tqovaj66do=,9rwnJAVV0hU0l44MIAkI2Pw9gtA=
-24,0,q2ZCGder2rxl1Al94tqovaj66do=,9rwnJAVV0hU0l44MIAkI2Pw9gtA=
-23,0,q2ZCGder2rxl1Al94tqovaj66do=,9rwnJAVV0hU0l44MIAkI2Pw9gtA=
-29,2,q2ZCGder2rxl1Al94tqovaj66do=,9rwnJAVV0hU0l44MIAkI2Pw9gtA=
-18,3,q2ZCGder2rxl1Al94tqovaj66do=,9rwnJAVV0hU0l44MIAkI2Pw9gtA=
-17,3,q2ZCGder2rxl1Al94tqovaj66do=,9rwnJAVV0hU0l44MIAkI2Pw9gtA=
-26,6,q2ZCGder2rxl1Al94tqovaj66do=,9rwnJAVV0hU0l44MIAkI2Pw9gtA=
-24,2,q2ZCGder2rxl1Al94tqovaj66do=,9rwnJAVV0hU0l44MIAkI2Pw9gtA=
-20,3,q2ZCGder2rxl1Al94tqovaj66do=,9rwnJAVV0hU0l44MIAkI2Pw9gtA=
-19,3,q2ZCGder2rxl1Al94tqovaj66do=,9rwnJAVV0hU0l44MIAkI2Pw9gtA=
-24,3,q2ZCGder2rxl1Al94tqovaj66do=,9rwnJAVV0hU0l44MIAkI2Pw9gtA=
-21,3,q2ZCGder2rxl1Al94tqovaj66do=,9rwnJAVV0hU0l44MIAkI2Pw9gtA=
-17,4,q2ZCGder2rxl1Al94tqovaj66do=,9rwnJAVV0hU0l44MIAkI2Pw9gtA=
-22,3,q2ZCGder2rxl1Al94tqovaj66do=,9rwnJAVV0hU0l44MIAkI2Pw9gtA=
-24,1,q2ZCGder2rxl1Al94tqovaj66do=,9rwnJAVV0hU0l44MIAkI2Pw9gtA=
-20,5,q2ZCGder2rxl1Al94tqovaj66do=,9rwnJAVV0hU0l44MIAkI2Pw9gtA=
-23,3,q2ZCGder2rxl1Al94tqovaj66do=,9rwnJAVV0hU0l44MIAkI2Pw9gtA=
-18,2,q2ZCGder2rxl1Al94tqovaj66do=,9rwnJAVV0hU0l44MIAkI2Pw9gtA=
-17,2,q2ZCGder2rxl1Al94tqovaj66do=,9rwnJAVV0hU0l44MIAkI2Pw9gtA=
-21,7,q2ZCGder2rxl1Al94tqovaj66do=,9rwnJAVV0hU0l44MIAkI2Pw9gtA=
-26,7,q2ZCGder2rxl1Al94tqovaj66do=,9rwnJAVV0hU0l44MIAkI2Pw9gtA=
-19,5,q2ZCGder2rxl1Al94tqovaj66do=,9rwnJAVV0hU0l44MIAkI2Pw9gtA=
-19,2,q2ZCGder2rxl1Al94tqovaj66do=,9rwnJAVV0hU0l44MIAkI2Pw9gtA=
-22,7,q2ZCGder2rxl1Al94tqovaj66do=,9rwnJAVV0hU0l44MIAkI2Pw9gtA=
-20,14,q2ZCGder2rxl1Al94tqovaj66do=,9rwnJAVV0hU0l44MIAkI2Pw9gtA=
-23,7,q2ZCGder2rxl1Al94tqovaj66do=,9rwnJAVV0hU0l44MIAkI2Pw9gtA=
-27,7,q2ZCGder2rxl1Al94tqovaj66do=,9rwnJAVV0hU0l44MIAkI2Pw9gtA=
-28,7,q2ZCGder2rxl1Al94tqovaj66do=,9rwnJAVV0hU0l44MIAkI2Pw9gtA=
-24,8,q2ZCGder2rxl1Al94tqovaj66do=,9rwnJAVV0hU0l44MIAkI2Pw9gtA=
-29,6,q2ZCGder2rxl1Al94tqovaj66do=,9rwnJAVV0hU0l44MIAkI2Pw9gtA=
-21,6,q2ZCGder2rxl1Al94tqovaj66do=,9rwnJAVV0hU0l44MIAkI2Pw9gtA=
-24,14,q2ZCGder2rxl1Al94tqovaj66do=,9rwnJAVV0hU0l44MIAkI2Pw9gtA=
-22,10,q2ZCGder2rxl1Al94tqovaj66do=,9rwnJAVV0hU0l44MIAkI2Pw9gtA=
-24,9,q2ZCGder2rxl1Al94tqovaj66do=,9rwnJAVV0hU0l44MIAkI2Pw9gtA=
-23,4,q2ZCGder2rxl1Al94tqovaj66do=,9rwnJAVV0hU0l44MIAkI2Pw9gtA=
-23,10,q2ZCGder2rxl1Al94tqovaj66do=,9rwnJAVV0hU0l44MIAkI2Pw9gtA=
-31,9,q2ZCGder2rxl1Al94tqovaj66do=,9rwnJAVV0hU0l44MIAkI2Pw9gtA=
-22,6,q2ZCGder2rxl1Al94tqovaj66do=,9rwnJAVV0hU0l44MIAkI2Pw9gtA=
-21,10,q2ZCGder2rxl1Al94tqovaj66do=,9rwnJAVV0hU0l44MIAkI2Pw9gtA=
-23,5,q2ZCGder2rxl1Al94tqovaj66do=,9rwnJAVV0hU0l44MIAkI2Pw9gtA=
-21,4,q2ZCGder2rxl1Al94tqovaj66do=,9rwnJAVV0hU0l44MIAkI2Pw9gtA=
-31,8,q2ZCGder2rxl1Al94tqovaj66do=,9rwnJAVV0hU0l44MIAkI2Pw9gtA=
-22,4,q2ZCGder2rxl1Al94tqovaj66do=,9rwnJAVV0hU0l44MIAkI2Pw9gtA=
-23,6,q2ZCGder2rxl1Al94tqovaj66do=,9rwnJAVV0hU0l44MIAkI2Pw9gtA=
-22,5,q2ZCGder2rxl1Al94tqovaj66do=,9rwnJAVV0hU0l44MIAkI2Pw9gtA=
-21,5,q2ZCGder2rxl1Al94tqovaj66do=,9rwnJAVV0hU0l44MIAkI2Pw9gtA=
-24,15,q2ZCGder2rxl1Al94tqovaj66do=,9rwnJAVV0hU0l44MIAkI2Pw9gtA=
-22,11,q2ZCGder2rxl1Al94tqovaj66do=,9rwnJAVV0hU0l44MIAkI2Pw9gtA=
-23,11,q2ZCGder2rxl1Al94tqovaj66do=,9rwnJAVV0hU0l44MIAkI2Pw9gtA=
-22,12,q2ZCGder2rxl1Al94tqovaj66do=,9rwnJAVV0hU0l44MIAkI2Pw9gtA=
-27,9,q2ZCGder2rxl1Al94tqovaj66do=,9rwnJAVV0hU0l44MIAkI2Pw9gtA=
-28,9,q2ZCGder2rxl1Al94tqovaj66do=,9rwnJAVV0hU0l44MIAkI2Pw9gtA=
-21,11,q2ZCGder2rxl1Al94tqovaj66do=,9rwnJAVV0hU0l44MIAkI2Pw9gtA=
-21,15,q2ZCGder2rxl1Al94tqovaj66do=,9rwnJAVV0hU0l44MIAkI2Pw9gtA=
-21,12,q2ZCGder2rxl1Al94tqovaj66do=,9rwnJAVV0hU0l44MIAkI2Pw9gtA=
-23,12,q2ZCGder2rxl1Al94tqovaj66do=,9rwnJAVV0hU0l44MIAkI2Pw9gtA=
-30,9,q2ZCGder2rxl1Al94tqovaj66do=,9rwnJAVV0hU0l44MIAkI2Pw9gtA=
-30,8,q2ZCGder2rxl1Al94tqovaj66do=,9rwnJAVV0hU0l44MIAkI2Pw9gtA=
-29,9,q2ZCGder2rxl1Al94tqovaj66do=,9rwnJAVV0hU0l44MIAkI2Pw9gtA=
-22,15,q2ZCGder2rxl1Al94tqovaj66do=,9rwnJAVV0hU0l44MIAkI2Pw9gtA=
-31,10,q2ZCGder2rxl1Al94tqovaj66do=,9rwnJAVV0hU0l44MIAkI2Pw9gtA=
-26,9,q2ZCGder2rxl1Al94tqovaj66do=,9rwnJAVV0hU0l44MIAkI2Pw9gtA=
-28,10,q2ZCGder2rxl1Al94tqovaj66do=,9rwnJAVV0hU0l44MIAkI2Pw9gtA=
-27,10,q2ZCGder2rxl1Al94tqovaj66do=,9rwnJAVV0hU0l44MIAkI2Pw9gtA=
-25,9,q2ZCGder2rxl1Al94tqovaj66do=,9rwnJAVV0hU0l44MIAkI2Pw9gtA=
-29,10,q2ZCGder2rxl1Al94tqovaj66do=,9rwnJAVV0hU0l44MIAkI2Pw9gtA=
-30,10,q2ZCGder2rxl1Al94tqovaj66do=,9rwnJAVV0hU0l44MIAkI2Pw9gtA=
-21,13,q2ZCGder2rxl1Al94tqovaj66do=,9rwnJAVV0hU0l44MIAkI2Pw9gtA=
-23,15,q2ZCGder2rxl1Al94tqovaj66do=,9rwnJAVV0hU0l44MIAkI2Pw9gtA=
-29,8,q2ZCGder2rxl1Al94tqovaj66do=,9rwnJAVV0hU0l44MIAkI2Pw9gtA=
-23,13,q2ZCGder2rxl1Al94tqovaj66do=,9rwnJAVV0hU0l44MIAkI2Pw9gtA=
-22,13,q2ZCGder2rxl1Al94tqovaj66do=,9rwnJAVV0hU0l44MIAkI2Pw9gtA=
-26,10,q2ZCGder2rxl1Al94tqovaj66do=,9rwnJAVV0hU0l44MIAkI2Pw9gtA=
-28,11,q2ZCGder2rxl1Al94tqovaj66do=,9rwnJAVV0hU0l44MIAkI2Pw9gtA=
-24,13,q2ZCGder2rxl1Al94tqovaj66do=,9rwnJAVV0hU0l44MIAkI2Pw9gtA=
-27,11,q2ZCGder2rxl1Al94tqovaj66do=,9rwnJAVV0hU0l44MIAkI2Pw9gtA=
-25,10,q2ZCGder2rxl1Al94tqovaj66do=,9rwnJAVV0hU0l44MIAkI2Pw9gtA=
-30,11,q2ZCGder2rxl1Al94tqovaj66do=,9rwnJAVV0hU0l44MIAkI2Pw9gtA=
-28,8,q2ZCGder2rxl1Al94tqovaj66do=,9rwnJAVV0hU0l44MIAkI2Pw9gtA=
-29,11,q2ZCGder2rxl1Al94tqovaj66do=,9rwnJAVV0hU0l44MIAkI2Pw9gtA=
-31,11,q2ZCGder2rxl1Al94tqovaj66do=,9rwnJAVV0hU0l44MIAkI2Pw9gtA=
-26,11,q2ZCGder2rxl1Al94tqovaj66do=,9rwnJAVV0hU0l44MIAkI2Pw9gtA=
-23,14,q2ZCGder2rxl1Al94tqovaj66do=,9rwnJAVV0hU0l44MIAkI2Pw9gtA=
-27,12,q2ZCGder2rxl1Al94tqovaj66do=,9rwnJAVV0hU0l44MIAkI2Pw9gtA=
-24,12,q2ZCGder2rxl1Al94tqovaj66do=,9rwnJAVV0hU0l44MIAkI2Pw9gtA=
-28,12,q2ZCGder2rxl1Al94tqovaj66do=,9rwnJAVV0hU0l44MIAkI2Pw9gtA=
-27,8,q2ZCGder2rxl1Al94tqovaj66do=,9rwnJAVV0hU0l44MIAkI2Pw9gtA=
-26,12,q2ZCGder2rxl1Al94tqovaj66do=,9rwnJAVV0hU0l44MIAkI2Pw9gtA=
-22,14,q2ZCGder2rxl1Al94tqovaj66do=,9rwnJAVV0hU0l44MIAkI2Pw9gtA=
-25,11,q2ZCGder2rxl1Al94tqovaj66do=,9rwnJAVV0hU0l44MIAkI2Pw9gtA=
-29,12,q2ZCGder2rxl1Al94tqovaj66do=,9rwnJAVV0hU0l44MIAkI2Pw9gtA=
-30,12,q2ZCGder2rxl1Al94tqovaj66do=,9rwnJAVV0hU0l44MIAkI2Pw9gtA=
-25,12,q2ZCGder2rxl1Al94tqovaj66do=,9rwnJAVV0hU0l44MIAkI2Pw9gtA=
-23,8,q2ZCGder2rxl1Al94tqovaj66do=,9rwnJAVV0hU0l44MIAkI2Pw9gtA=
-26,8,q2ZCGder2rxl1Al94tqovaj66do=,9rwnJAVV0hU0l44MIAkI2Pw9gtA=
-31,12,q2ZCGder2rxl1Al94tqovaj66do=,9rwnJAVV0hU0l44MIAkI2Pw9gtA=
-21,14,q2ZCGder2rxl1Al94tqovaj66do=,9rwnJAVV0hU0l44MIAkI2Pw9gtA=
-27,13,q2ZCGder2rxl1Al94tqovaj66do=,9rwnJAVV0hU0l44MIAkI2Pw9gtA=
-31,13,q2ZCGder2rxl1Al94tqovaj66do=,9rwnJAVV0hU0l44MIAkI2Pw9gtA=
-28,13,q2ZCGder2rxl1Al94tqovaj66do=,9rwnJAVV0hU0l44MIAkI2Pw9gtA=
-26,13,q2ZCGder2rxl1Al94tqovaj66do=,9rwnJAVV0hU0l44MIAkI2Pw9gtA=
-24,11,q2ZCGder2rxl1Al94tqovaj66do=,9rwnJAVV0hU0l44MIAkI2Pw9gtA=
-22,8,q2ZCGder2rxl1Al94tqovaj66do=,9rwnJAVV0hU0l44MIAkI2Pw9gtA=
-21,8,q2ZCGder2rxl1Al94tqovaj66do=,9rwnJAVV0hU0l44MIAkI2Pw9gtA=
-25,13,q2ZCGder2rxl1Al94tqovaj66do=,9rwnJAVV0hU0l44MIAkI2Pw9gtA=
-25,8,q2ZCGder2rxl1Al94tqovaj66do=,9rwnJAVV0hU0l44MIAkI2Pw9gtA=
-29,13,q2ZCGder2rxl1Al94tqovaj66do=,9rwnJAVV0hU0l44MIAkI2Pw9gtA=
-30,13,q2ZCGder2rxl1Al94tqovaj66do=,9rwnJAVV0hU0l44MIAkI2Pw9gtA=
-23,9,q2ZCGder2rxl1Al94tqovaj66do=,9rwnJAVV0hU0l44MIAkI2Pw9gtA=
-22,9,q2ZCGder2rxl1Al94tqovaj66do=,9rwnJAVV0hU0l44MIAkI2Pw9gtA=
-30,14,q2ZCGder2rxl1Al94tqovaj66do=,9rwnJAVV0hU0l44MIAkI2Pw9gtA=
-31,14,q2ZCGder2rxl1Al94tqovaj66do=,9rwnJAVV0hU0l44MIAkI2Pw9gtA=
-25,14,q2ZCGder2rxl1Al94tqovaj66do=,9rwnJAVV0hU0l44MIAkI2Pw9gtA=
-27,14,q2ZCGder2rxl1Al94tqovaj66do=,9rwnJAVV0hU0l44MIAkI2Pw9gtA=
-32,8,q2ZCGder2rxl1Al94tqovaj66do=,9rwnJAVV0hU0l44MIAkI2Pw9gtA=
-21,9,q2ZCGder2rxl1Al94tqovaj66do=,9rwnJAVV0hU0l44MIAkI2Pw9gtA=
-28,14,q2ZCGder2rxl1Al94tqovaj66do=,9rwnJAVV0hU0l44MIAkI2Pw9gtA=
-29,14,q2ZCGder2rxl1Al94tqovaj66do=,9rwnJAVV0hU0l44MIAkI2Pw9gtA=
-24,10,q2ZCGder2rxl1Al94tqovaj66do=,9rwnJAVV0hU0l44MIAkI2Pw9gtA=
-31,15,q2ZCGder2rxl1Al94tqovaj66do=,9rwnJAVV0hU0l44MIAkI2Pw9gtA=
-26,14,q2ZCGder2rxl1Al94tqovaj66do=,9rwnJAVV0hU0l44MIAkI2Pw9gtA=
-28,15,q2ZCGder2rxl1Al94tqovaj66do=,9rwnJAVV0hU0l44MIAkI2Pw9gtA=
-30,15,q2ZCGder2rxl1Al94tqovaj66do=,9rwnJAVV0hU0l44MIAkI2Pw9gtA=
-27,15,q2ZCGder2rxl1Al94tqovaj66do=,9rwnJAVV0hU0l44MIAkI2Pw9gtA=
-32,9,q2ZCGder2rxl1Al94tqovaj66do=,9rwnJAVV0hU0l44MIAkI2Pw9gtA=
-25,15,q2ZCGder2rxl1Al94tqovaj66do=,9rwnJAVV0hU0l44MIAkI2Pw9gtA=
-26,15,q2ZCGder2rxl1Al94tqovaj66do=,9rwnJAVV0hU0l44MIAkI2Pw9gtA=
-29,15,q2ZCGder2rxl1Al94tqovaj66do=,9rwnJAVV0hU0l44MIAkI2Pw9gtA=
-32,10,q2ZCGder2rxl1Al94tqovaj66do=,9rwnJAVV0hU0l44MIAkI2Pw9gtA=
-32,11,q2ZCGder2rxl1Al94tqovaj66do=,9rwnJAVV0hU0l44MIAkI2Pw9gtA=
-32,13,q2ZCGder2rxl1Al94tqovaj66do=,9rwnJAVV0hU0l44MIAkI2Pw9gtA=
-32,12,q2ZCGder2rxl1Al94tqovaj66do=,9rwnJAVV0hU0l44MIAkI2Pw9gtA=
-32,14,q2ZCGder2rxl1Al94tqovaj66do=,9rwnJAVV0hU0l44MIAkI2Pw9gtA=
-32,15,q2ZCGder2rxl1Al94tqovaj66do=,9rwnJAVV0hU0l44MIAkI2Pw9gtA=
-32,19,q2ZCGder2rxl1Al94tqovaj66do=,9rwnJAVV0hU0l44MIAkI2Pw9gtA=
-32,21,q2ZCGder2rxl1Al94tqovaj66do=,9rwnJAVV0hU0l44MIAkI2Pw9gtA=
-30,19,q2ZCGder2rxl1Al94tqovaj66do=,9rwnJAVV0hU0l44MIAkI2Pw9gtA=
-25,23,q2ZCGder2rxl1Al94tqovaj66do=,9rwnJAVV0hU0l44MIAkI2Pw9gtA=
-32,31,q2ZCGder2rxl1Al94tqovaj66do=,9rwnJAVV0hU0l44MIAkI2Pw9gtA=
-32,16,q2ZCGder2rxl1Al94tqovaj66do=,9rwnJAVV0hU0l44MIAkI2Pw9gtA=
-25,16,q2ZCGder2rxl1Al94tqovaj66do=,9rwnJAVV0hU0l44MIAkI2Pw9gtA=
-32,24,q2ZCGder2rxl1Al94tqovaj66do=,9rwnJAVV0hU0l44MIAkI2Pw9gtA=
-32,22,q2ZCGder2rxl1Al94tqovaj66do=,9rwnJAVV0hU0l44MIAkI2Pw9gtA=
-29,19,q2ZCGder2rxl1Al94tqovaj66do=,9rwnJAVV0hU0l44MIAkI2Pw9gtA=
-32,23,q2ZCGder2rxl1Al94tqovaj66do=,9rwnJAVV0hU0l44MIAkI2Pw9gtA=
-31,18,q2ZCGder2rxl1Al94tqovaj66do=,9rwnJAVV0hU0l44MIAkI2Pw9gtA=
-30,18,q2ZCGder2rxl1Al94tqovaj66do=,9rwnJAVV0hU0l44MIAkI2Pw9gtA=
-27,22,pcs7Uvr0su8crad7E6wxEK7EpwA=,9rwnJAVV0hU0l44MIAkI2Pw9gtA=
-31,20,pcs7Uvr0su8crad7E6wxEK7EpwA=,9rwnJAVV0hU0l44MIAkI2Pw9gtA=
-32,20,pcs7Uvr0su8crad7E6wxEK7EpwA=,9rwnJAVV0hU0l44MIAkI2Pw9gtA=
-32,17,pcs7Uvr0su8crad7E6wxEK7EpwA=,9rwnJAVV0hU0l44MIAkI2Pw9gtA=
-26,16,pcs7Uvr0su8crad7E6wxEK7EpwA=,9rwnJAVV0hU0l44MIAkI2Pw9gtA=
-32,27,pcs7Uvr0su8crad7E6wxEK7EpwA=,9rwnJAVV0hU0l44MIAkI2Pw9gtA=
-31,25,pcs7Uvr0su8crad7E6wxEK7EpwA=,9rwnJAVV0hU0l44MIAkI2Pw9gtA=
-30,25,pcs7Uvr0su8crad7E6wxEK7EpwA=,9rwnJAVV0hU0l44MIAkI2Pw9gtA=
-29,18,pcs7Uvr0su8crad7E6wxEK7EpwA=,9rwnJAVV0hU0l44MIAkI2Pw9gtA=
-17,23,pcs7Uvr0su8crad7E6wxEK7EpwA=,9rwnJAVV0hU0l44MIAkI2Pw9gtA=
-32,26,pcs7Uvr0su8crad7E6wxEK7EpwA=,9rwnJAVV0hU0l44MIAkI2Pw9gtA=
-31,17,pcs7Uvr0su8crad7E6wxEK7EpwA=,9rwnJAVV0hU0l44MIAkI2Pw9gtA=
-27,23,pcs7Uvr0su8crad7E6wxEK7EpwA=,9rwnJAVV0hU0l44MIAkI2Pw9gtA=
-27,16,pcs7Uvr0su8crad7E6wxEK7EpwA=,9rwnJAVV0hU0l44MIAkI2Pw9gtA=
-29,23,pcs7Uvr0su8crad7E6wxEK7EpwA=,9rwnJAVV0hU0l44MIAkI2Pw9gtA=
-30,17,pcs7Uvr0su8crad7E6wxEK7EpwA=,9rwnJAVV0hU0l44MIAkI2Pw9gtA=
-29,25,pcs7Uvr0su8crad7E6wxEK7EpwA=,9rwnJAVV0hU0l44MIAkI2Pw9gtA=
-32,18,pcs7Uvr0su8crad7E6wxEK7EpwA=,9rwnJAVV0hU0l44MIAkI2Pw9gtA=
-18,23,pcs7Uvr0su8crad7E6wxEK7EpwA=,9rwnJAVV0hU0l44MIAkI2Pw9gtA=
-32,25,pcs7Uvr0su8crad7E6wxEK7EpwA=,9rwnJAVV0hU0l44MIAkI2Pw9gtA=
-31,19,pcs7Uvr0su8crad7E6wxEK7EpwA=,9rwnJAVV0hU0l44MIAkI2Pw9gtA=
-17,16,pcs7Uvr0su8crad7E6wxEK7EpwA=,9rwnJAVV0hU0l44MIAkI2Pw9gtA=
-28,16,pcs7Uvr0su8crad7E6wxEK7EpwA=,9rwnJAVV0hU0l44MIAkI2Pw9gtA=
-23,17,pcs7Uvr0su8crad7E6wxEK7EpwA=,9rwnJAVV0hU0l44MIAkI2Pw9gtA=
-28,23,pcs7Uvr0su8crad7E6wxEK7EpwA=,9rwnJAVV0hU0l44MIAkI2Pw9gtA=
-19,23,pcs7Uvr0su8crad7E6wxEK7EpwA=,9rwnJAVV0hU0l44MIAkI2Pw9gtA=
-26,17,pcs7Uvr0su8crad7E6wxEK7EpwA=,9rwnJAVV0hU0l44MIAkI2Pw9gtA=
-29,17,pcs7Uvr0su8crad7E6wxEK7EpwA=,9rwnJAVV0hU0l44MIAkI2Pw9gtA=
-31,16,pcs7Uvr0su8crad7E6wxEK7EpwA=,9rwnJAVV0hU0l44MIAkI2Pw9gtA=
-20,22,pcs7Uvr0su8crad7E6wxEK7EpwA=,9rwnJAVV0hU0l44MIAkI2Pw9gtA=
-29,24,pcs7Uvr0su8crad7E6wxEK7EpwA=,9rwnJAVV0hU0l44MIAkI2Pw9gtA=
-20,23,pcs7Uvr0su8crad7E6wxEK7EpwA=,9rwnJAVV0hU0l44MIAkI2Pw9gtA=
-30,16,pcs7Uvr0su8crad7E6wxEK7EpwA=,9rwnJAVV0hU0l44MIAkI2Pw9gtA=
-19,22,pcs7Uvr0su8crad7E6wxEK7EpwA=,9rwnJAVV0hU0l44MIAkI2Pw9gtA=
-30,23,pcs7Uvr0su8crad7E6wxEK7EpwA=,9rwnJAVV0hU0l44MIAkI2Pw9gtA=
-27,17,pcs7Uvr0su8crad7E6wxEK7EpwA=,9rwnJAVV0hU0l44MIAkI2Pw9gtA=
-18,16,pcs7Uvr0su8crad7E6wxEK7EpwA=,9rwnJAVV0hU0l44MIAkI2Pw9gtA=
-18,24,pcs7Uvr0su8crad7E6wxEK7EpwA=,9rwnJAVV0hU0l44MIAkI2Pw9gtA=
-29,16,pcs7Uvr0su8crad7E6wxEK7EpwA=,9rwnJAVV0hU0l44MIAkI2Pw9gtA=
-19,24,pcs7Uvr0su8crad7E6wxEK7EpwA=,9rwnJAVV0hU0l44MIAkI2Pw9gtA=
-31,26,pcs7Uvr0su8crad7E6wxEK7EpwA=,9rwnJAVV0hU0l44MIAkI2Pw9gtA=
-21,23,pcs7Uvr0su8crad7E6wxEK7EpwA=,9rwnJAVV0hU0l44MIAkI2Pw9gtA=
-17,24,pcs7Uvr0su8crad7E6wxEK7EpwA=,9rwnJAVV0hU0l44MIAkI2Pw9gtA=
-22,17,pcs7Uvr0su8crad7E6wxEK7EpwA=,9rwnJAVV0hU0l44MIAkI2Pw9gtA=
-30,24,pcs7Uvr0su8crad7E6wxEK7EpwA=,9rwnJAVV0hU0l44MIAkI2Pw9gtA=
-28,22,pcs7Uvr0su8crad7E6wxEK7EpwA=,9rwnJAVV0hU0l44MIAkI2Pw9gtA=
-26,18,pcs7Uvr0su8crad7E6wxEK7EpwA=,9rwnJAVV0hU0l44MIAkI2Pw9gtA=
-20,24,pcs7Uvr0su8crad7E6wxEK7EpwA=,9rwnJAVV0hU0l44MIAkI2Pw9gtA=
-25,17,pcs7Uvr0su8crad7E6wxEK7EpwA=,9rwnJAVV0hU0l44MIAkI2Pw9gtA=
-20,31,pcs7Uvr0su8crad7E6wxEK7EpwA=,9rwnJAVV0hU0l44MIAkI2Pw9gtA=
-18,22,pcs7Uvr0su8crad7E6wxEK7EpwA=,9rwnJAVV0hU0l44MIAkI2Pw9gtA=
-28,19,pcs7Uvr0su8crad7E6wxEK7EpwA=,9rwnJAVV0hU0l44MIAkI2Pw9gtA=
-28,25,pcs7Uvr0su8crad7E6wxEK7EpwA=,9rwnJAVV0hU0l44MIAkI2Pw9gtA=
-30,26,pcs7Uvr0su8crad7E6wxEK7EpwA=,9rwnJAVV0hU0l44MIAkI2Pw9gtA=
-31,23,pcs7Uvr0su8crad7E6wxEK7EpwA=,9rwnJAVV0hU0l44MIAkI2Pw9gtA=
-17,22,pcs7Uvr0su8crad7E6wxEK7EpwA=,9rwnJAVV0hU0l44MIAkI2Pw9gtA=
-21,24,pcs7Uvr0su8crad7E6wxEK7EpwA=,9rwnJAVV0hU0l44MIAkI2Pw9gtA=
-31,24,pcs7Uvr0su8crad7E6wxEK7EpwA=,9rwnJAVV0hU0l44MIAkI2Pw9gtA=
-21,31,pcs7Uvr0su8crad7E6wxEK7EpwA=,9rwnJAVV0hU0l44MIAkI2Pw9gtA=
-21,17,pcs7Uvr0su8crad7E6wxEK7EpwA=,9rwnJAVV0hU0l44MIAkI2Pw9gtA=
-31,28,pcs7Uvr0su8crad7E6wxEK7EpwA=,9rwnJAVV0hU0l44MIAkI2Pw9gtA=
-26,25,pcs7Uvr0su8crad7E6wxEK7EpwA=,9rwnJAVV0hU0l44MIAkI2Pw9gtA=
-28,17,pcs7Uvr0su8crad7E6wxEK7EpwA=,9rwnJAVV0hU0l44MIAkI2Pw9gtA=
-22,23,pcs7Uvr0su8crad7E6wxEK7EpwA=,9rwnJAVV0hU0l44MIAkI2Pw9gtA=
-19,16,pcs7Uvr0su8crad7E6wxEK7EpwA=,9rwnJAVV0hU0l44MIAkI2Pw9gtA=
-27,25,pcs7Uvr0su8crad7E6wxEK7EpwA=,9rwnJAVV0hU0l44MIAkI2Pw9gtA=
-23,20,pcs7Uvr0su8crad7E6wxEK7EpwA=,9rwnJAVV0hU0l44MIAkI2Pw9gtA=
-25,22,pcs7Uvr0su8crad7E6wxEK7EpwA=,9rwnJAVV0hU0l44MIAkI2Pw9gtA=
-29,26,pcs7Uvr0su8crad7E6wxEK7EpwA=,9rwnJAVV0hU0l44MIAkI2Pw9gtA=
-24,25,pcs7Uvr0su8crad7E6wxEK7EpwA=,9rwnJAVV0hU0l44MIAkI2Pw9gtA=
-22,20,pcs7Uvr0su8crad7E6wxEK7EpwA=,9rwnJAVV0hU0l44MIAkI2Pw9gtA=
-29,20,pcs7Uvr0su8crad7E6wxEK7EpwA=,9rwnJAVV0hU0l44MIAkI2Pw9gtA=
-28,26,pcs7Uvr0su8crad7E6wxEK7EpwA=,9rwnJAVV0hU0l44MIAkI2Pw9gtA=
-21,20,pcs7Uvr0su8crad7E6wxEK7EpwA=,9rwnJAVV0hU0l44MIAkI2Pw9gtA=
-26,26,pcs7Uvr0su8crad7E6wxEK7EpwA=,9rwnJAVV0hU0l44MIAkI2Pw9gtA=
-23,23,pcs7Uvr0su8crad7E6wxEK7EpwA=,9rwnJAVV0hU0l44MIAkI2Pw9gtA=
-31,22,pcs7Uvr0su8crad7E6wxEK7EpwA=,9rwnJAVV0hU0l44MIAkI2Pw9gtA=
-20,20,pcs7Uvr0su8crad7E6wxEK7EpwA=,9rwnJAVV0hU0l44MIAkI2Pw9gtA=
-27,19,pcs7Uvr0su8crad7E6wxEK7EpwA=,9rwnJAVV0hU0l44MIAkI2Pw9gtA=
-31,27,pcs7Uvr0su8crad7E6wxEK7EpwA=,9rwnJAVV0hU0l44MIAkI2Pw9gtA=
-22,24,pcs7Uvr0su8crad7E6wxEK7EpwA=,9rwnJAVV0hU0l44MIAkI2Pw9gtA=
-26,19,pcs7Uvr0su8crad7E6wxEK7EpwA=,9rwnJAVV0hU0l44MIAkI2Pw9gtA=
-20,17,pcs7Uvr0su8crad7E6wxEK7EpwA=,9rwnJAVV0hU0l44MIAkI2Pw9gtA=
-19,20,pcs7Uvr0su8crad7E6wxEK7EpwA=,9rwnJAVV0hU0l44MIAkI2Pw9gtA=
-27,26,pcs7Uvr0su8crad7E6wxEK7EpwA=,9rwnJAVV0hU0l44MIAkI2Pw9gtA=
-27,18,pcs7Uvr0su8crad7E6wxEK7EpwA=,9rwnJAVV0hU0l44MIAkI2Pw9gtA=
-29,27,pcs7Uvr0su8crad7E6wxEK7EpwA=,9rwnJAVV0hU0l44MIAkI2Pw9gtA=
-19,31,pcs7Uvr0su8crad7E6wxEK7EpwA=,9rwnJAVV0hU0l44MIAkI2Pw9gtA=
-27,21,pcs7Uvr0su8crad7E6wxEK7EpwA=,9rwnJAVV0hU0l44MIAkI2Pw9gtA=
-28,27,pcs7Uvr0su8crad7E6wxEK7EpwA=,9rwnJAVV0hU0l44MIAkI2Pw9gtA=
-30,28,pcs7Uvr0su8crad7E6wxEK7EpwA=,9rwnJAVV0hU0l44MIAkI2Pw9gtA=
-20,16,pcs7Uvr0su8crad7E6wxEK7EpwA=,9rwnJAVV0hU0l44MIAkI2Pw9gtA=
-30,20,pcs7Uvr0su8crad7E6wxEK7EpwA=,9rwnJAVV0hU0l44MIAkI2Pw9gtA=
-29,22,xERRQ26oI9b21+NU2QelGQaJidM=,9rwnJAVV0hU0l44MIAkI2Pw9gtA=
-30,21,xERRQ26oI9b21+NU2QelGQaJidM=,9rwnJAVV0hU0l44MIAkI2Pw9gtA=
-30,27,xERRQ26oI9b21+NU2QelGQaJidM=,9rwnJAVV0hU0l44MIAkI2Pw9gtA=
-21,16,xERRQ26oI9b21+NU2QelGQaJidM=,9rwnJAVV0hU0l44MIAkI2Pw9gtA=
-28,18,xERRQ26oI9b21+NU2QelGQaJidM=,9rwnJAVV0hU0l44MIAkI2Pw9gtA=
-30,22,xERRQ26oI9b21+NU2QelGQaJidM=,9rwnJAVV0hU0l44MIAkI2Pw9gtA=
-31,21,xERRQ26oI9b21+NU2QelGQaJidM=,9rwnJAVV0hU0l44MIAkI2Pw9gtA=
-23,25,xERRQ26oI9b21+NU2QelGQaJidM=,9rwnJAVV0hU0l44MIAkI2Pw9gtA=
-26,22,xERRQ26oI9b21+NU2QelGQaJidM=,9rwnJAVV0hU0l44MIAkI2Pw9gtA=
-29,21,xERRQ26oI9b21+NU2QelGQaJidM=,9rwnJAVV0hU0l44MIAkI2Pw9gtA=
-22,16,xERRQ26oI9b21+NU2QelGQaJidM=,9rwnJAVV0hU0l44MIAkI2Pw9gtA=
-32,28,xERRQ26oI9b21+NU2QelGQaJidM=,9rwnJAVV0hU0l44MIAkI2Pw9gtA=
-32,30,xERRQ26oI9b21+NU2QelGQaJidM=,9rwnJAVV0hU0l44MIAkI2Pw9gtA=
-32,29,xERRQ26oI9b21+NU2QelGQaJidM=,9rwnJAVV0hU0l44MIAkI2Pw9gtA=
-29,31,xERRQ26oI9b21+NU2QelGQaJidM=,9rwnJAVV0hU0l44MIAkI2Pw9gtA=
-25,18,xERRQ26oI9b21+NU2QelGQaJidM=,9rwnJAVV0hU0l44MIAkI2Pw9gtA=
-30,31,xERRQ26oI9b21+NU2QelGQaJidM=,9rwnJAVV0hU0l44MIAkI2Pw9gtA=
-31,31,xERRQ26oI9b21+NU2QelGQaJidM=,9rwnJAVV0hU0l44MIAkI2Pw9gtA=
-23,16,xERRQ26oI9b21+NU2QelGQaJidM=,9rwnJAVV0hU0l44MIAkI2Pw9gtA=
-25,24,xERRQ26oI9b21+NU2QelGQaJidM=,9rwnJAVV0hU0l44MIAkI2Pw9gtA=
-28,21,xERRQ26oI9b21+NU2QelGQaJidM=,9rwnJAVV0hU0l44MIAkI2Pw9gtA=
-29,30,xERRQ26oI9b21+NU2QelGQaJidM=,9rwnJAVV0hU0l44MIAkI2Pw9gtA=
-29,29,xERRQ26oI9b21+NU2QelGQaJidM=,9rwnJAVV0hU0l44MIAkI2Pw9gtA=
-31,30,xERRQ26oI9b21+NU2QelGQaJidM=,9rwnJAVV0hU0l44MIAkI2Pw9gtA=
-31,29,xERRQ26oI9b21+NU2QelGQaJidM=,9rwnJAVV0hU0l44MIAkI2Pw9gtA=
-25,19,xERRQ26oI9b21+NU2QelGQaJidM=,9rwnJAVV0hU0l44MIAkI2Pw9gtA=
-24,16,xERRQ26oI9b21+NU2QelGQaJidM=,9rwnJAVV0hU0l44MIAkI2Pw9gtA=
-30,30,xERRQ26oI9b21+NU2QelGQaJidM=,9rwnJAVV0hU0l44MIAkI2Pw9gtA=
-30,29,xERRQ26oI9b21+NU2QelGQaJidM=,9rwnJAVV0hU0l44MIAkI2Pw9gtA=
-29,28,xERRQ26oI9b21+NU2QelGQaJidM=,9rwnJAVV0hU0l44MIAkI2Pw9gtA=
-25,20,xERRQ26oI9b21+NU2QelGQaJidM=,9rwnJAVV0hU0l44MIAkI2Pw9gtA=
-24,20,xERRQ26oI9b21+NU2QelGQaJidM=,9rwnJAVV0hU0l44MIAkI2Pw9gtA=
-24,19,xERRQ26oI9b21+NU2QelGQaJidM=,9rwnJAVV0hU0l44MIAkI2Pw9gtA=
-22,25,xERRQ26oI9b21+NU2QelGQaJidM=,9rwnJAVV0hU0l44MIAkI2Pw9gtA=
-24,21,xERRQ26oI9b21+NU2QelGQaJidM=,9rwnJAVV0hU0l44MIAkI2Pw9gtA=
-24,22,xERRQ26oI9b21+NU2QelGQaJidM=,9rwnJAVV0hU0l44MIAkI2Pw9gtA=
-24,23,xERRQ26oI9b21+NU2QelGQaJidM=,9rwnJAVV0hU0l44MIAkI2Pw9gtA=
-17,21,xERRQ26oI9b21+NU2QelGQaJidM=,9rwnJAVV0hU0l44MIAkI2Pw9gtA=
-21,22,xERRQ26oI9b21+NU2QelGQaJidM=,9rwnJAVV0hU0l44MIAkI2Pw9gtA=
-23,22,xERRQ26oI9b21+NU2QelGQaJidM=,9rwnJAVV0hU0l44MIAkI2Pw9gtA=
-22,22,xERRQ26oI9b21+NU2QelGQaJidM=,9rwnJAVV0hU0l44MIAkI2Pw9gtA=
-18,21,xERRQ26oI9b21+NU2QelGQaJidM=,9rwnJAVV0hU0l44MIAkI2Pw9gtA=
-19,21,xERRQ26oI9b21+NU2QelGQaJidM=,9rwnJAVV0hU0l44MIAkI2Pw9gtA=
-18,31,xERRQ26oI9b21+NU2QelGQaJidM=,9rwnJAVV0hU0l44MIAkI2Pw9gtA=
-24,18,xERRQ26oI9b21+NU2QelGQaJidM=,9rwnJAVV0hU0l44MIAkI2Pw9gtA=
-20,21,xERRQ26oI9b21+NU2QelGQaJidM=,9rwnJAVV0hU0l44MIAkI2Pw9gtA=
-22,21,xERRQ26oI9b21+NU2QelGQaJidM=,9rwnJAVV0hU0l44MIAkI2Pw9gtA=
-17,20,xERRQ26oI9b21+NU2QelGQaJidM=,9rwnJAVV0hU0l44MIAkI2Pw9gtA=
-23,21,xERRQ26oI9b21+NU2QelGQaJidM=,9rwnJAVV0hU0l44MIAkI2Pw9gtA=
-21,21,xERRQ26oI9b21+NU2QelGQaJidM=,9rwnJAVV0hU0l44MIAkI2Pw9gtA=
-18,20,xERRQ26oI9b21+NU2QelGQaJidM=,9rwnJAVV0hU0l44MIAkI2Pw9gtA=
-26,20,xERRQ26oI9b21+NU2QelGQaJidM=,9rwnJAVV0hU0l44MIAkI2Pw9gtA=
-24,17,xERRQ26oI9b21+NU2QelGQaJidM=,9rwnJAVV0hU0l44MIAkI2Pw9gtA=
-26,27,xERRQ26oI9b21+NU2QelGQaJidM=,9rwnJAVV0hU0l44MIAkI2Pw9gtA=
-27,27,xERRQ26oI9b21+NU2QelGQaJidM=,9rwnJAVV0hU0l44MIAkI2Pw9gtA=
-28,28,xERRQ26oI9b21+NU2QelGQaJidM=,9rwnJAVV0hU0l44MIAkI2Pw9gtA=
-21,25,xERRQ26oI9b21+NU2QelGQaJidM=,9rwnJAVV0hU0l44MIAkI2Pw9gtA=
-27,28,xERRQ26oI9b21+NU2QelGQaJidM=,9rwnJAVV0hU0l44MIAkI2Pw9gtA=
-26,23,xERRQ26oI9b21+NU2QelGQaJidM=,9rwnJAVV0hU0l44MIAkI2Pw9gtA=
-19,17,xERRQ26oI9b21+NU2QelGQaJidM=,9rwnJAVV0hU0l44MIAkI2Pw9gtA=
-18,17,xERRQ26oI9b21+NU2QelGQaJidM=,9rwnJAVV0hU0l44MIAkI2Pw9gtA=
-17,19,xERRQ26oI9b21+NU2QelGQaJidM=,9rwnJAVV0hU0l44MIAkI2Pw9gtA=
-23,18,xERRQ26oI9b21+NU2QelGQaJidM=,9rwnJAVV0hU0l44MIAkI2Pw9gtA=
-26,28,xERRQ26oI9b21+NU2QelGQaJidM=,9rwnJAVV0hU0l44MIAkI2Pw9gtA=
-26,21,xERRQ26oI9b21+NU2QelGQaJidM=,9rwnJAVV0hU0l44MIAkI2Pw9gtA=
-17,17,xERRQ26oI9b21+NU2QelGQaJidM=,9rwnJAVV0hU0l44MIAkI2Pw9gtA=
-22,18,xERRQ26oI9b21+NU2QelGQaJidM=,9rwnJAVV0hU0l44MIAkI2Pw9gtA=
-27,20,xERRQ26oI9b21+NU2QelGQaJidM=,9rwnJAVV0hU0l44MIAkI2Pw9gtA=
-17,31,xERRQ26oI9b21+NU2QelGQaJidM=,9rwnJAVV0hU0l44MIAkI2Pw9gtA=
-28,29,xERRQ26oI9b21+NU2QelGQaJidM=,9rwnJAVV0hU0l44MIAkI2Pw9gtA=
-21,18,xERRQ26oI9b21+NU2QelGQaJidM=,9rwnJAVV0hU0l44MIAkI2Pw9gtA=
-18,19,xERRQ26oI9b21+NU2QelGQaJidM=,9rwnJAVV0hU0l44MIAkI2Pw9gtA=
-18,18,xERRQ26oI9b21+NU2QelGQaJidM=,9rwnJAVV0hU0l44MIAkI2Pw9gtA=
-22,31,xERRQ26oI9b21+NU2QelGQaJidM=,9rwnJAVV0hU0l44MIAkI2Pw9gtA=
-19,18,xERRQ26oI9b21+NU2QelGQaJidM=,9rwnJAVV0hU0l44MIAkI2Pw9gtA=
-20,18,xERRQ26oI9b21+NU2QelGQaJidM=,9rwnJAVV0hU0l44MIAkI2Pw9gtA=
-25,21,xERRQ26oI9b21+NU2QelGQaJidM=,9rwnJAVV0hU0l44MIAkI2Pw9gtA=
-28,20,xERRQ26oI9b21+NU2QelGQaJidM=,9rwnJAVV0hU0l44MIAkI2Pw9gtA=
-17,18,xERRQ26oI9b21+NU2QelGQaJidM=,9rwnJAVV0hU0l44MIAkI2Pw9gtA=
-27,29,xERRQ26oI9b21+NU2QelGQaJidM=,9rwnJAVV0hU0l44MIAkI2Pw9gtA=
-23,19,xERRQ26oI9b21+NU2QelGQaJidM=,9rwnJAVV0hU0l44MIAkI2Pw9gtA=
-21,19,xERRQ26oI9b21+NU2QelGQaJidM=,9rwnJAVV0hU0l44MIAkI2Pw9gtA=
-19,19,xERRQ26oI9b21+NU2QelGQaJidM=,9rwnJAVV0hU0l44MIAkI2Pw9gtA=
-22,19,xERRQ26oI9b21+NU2QelGQaJidM=,9rwnJAVV0hU0l44MIAkI2Pw9gtA=
-20,19,xERRQ26oI9b21+NU2QelGQaJidM=,9rwnJAVV0hU0l44MIAkI2Pw9gtA=
-26,24,xERRQ26oI9b21+NU2QelGQaJidM=,9rwnJAVV0hU0l44MIAkI2Pw9gtA=
-26,29,xERRQ26oI9b21+NU2QelGQaJidM=,9rwnJAVV0hU0l44MIAkI2Pw9gtA=
-28,30,xERRQ26oI9b21+NU2QelGQaJidM=,9rwnJAVV0hU0l44MIAkI2Pw9gtA=
-23,24,xERRQ26oI9b21+NU2QelGQaJidM=,9rwnJAVV0hU0l44MIAkI2Pw9gtA=
-27,24,xERRQ26oI9b21+NU2QelGQaJidM=,9rwnJAVV0hU0l44MIAkI2Pw9gtA=
-27,30,xERRQ26oI9b21+NU2QelGQaJidM=,9rwnJAVV0hU0l44MIAkI2Pw9gtA=
-28,31,xERRQ26oI9b21+NU2QelGQaJidM=,9rwnJAVV0hU0l44MIAkI2Pw9gtA=
-26,30,xERRQ26oI9b21+NU2QelGQaJidM=,9rwnJAVV0hU0l44MIAkI2Pw9gtA=
-28,24,xERRQ26oI9b21+NU2QelGQaJidM=,9rwnJAVV0hU0l44MIAkI2Pw9gtA=
-27,31,xERRQ26oI9b21+NU2QelGQaJidM=,9rwnJAVV0hU0l44MIAkI2Pw9gtA=
-20,25,xERRQ26oI9b21+NU2QelGQaJidM=,9rwnJAVV0hU0l44MIAkI2Pw9gtA=
-18,25,xERRQ26oI9b21+NU2QelGQaJidM=,9rwnJAVV0hU0l44MIAkI2Pw9gtA=
-17,25,xERRQ26oI9b21+NU2QelGQaJidM=,9rwnJAVV0hU0l44MIAkI2Pw9gtA=
-25,25,xERRQ26oI9b21+NU2QelGQaJidM=,9rwnJAVV0hU0l44MIAkI2Pw9gtA=
-26,31,xERRQ26oI9b21+NU2QelGQaJidM=,9rwnJAVV0hU0l44MIAkI2Pw9gtA=
-24,24,xERRQ26oI9b21+NU2QelGQaJidM=,9rwnJAVV0hU0l44MIAkI2Pw9gtA=
-19,25,xERRQ26oI9b21+NU2QelGQaJidM=,9rwnJAVV0hU0l44MIAkI2Pw9gtA=
-21,26,xERRQ26oI9b21+NU2QelGQaJidM=,9rwnJAVV0hU0l44MIAkI2Pw9gtA=
-25,26,xERRQ26oI9b21+NU2QelGQaJidM=,9rwnJAVV0hU0l44MIAkI2Pw9gtA=
-20,26,xERRQ26oI9b21+NU2QelGQaJidM=,9rwnJAVV0hU0l44MIAkI2Pw9gtA=
-24,26,xERRQ26oI9b21+NU2QelGQaJidM=,9rwnJAVV0hU0l44MIAkI2Pw9gtA=
-19,26,xERRQ26oI9b21+NU2QelGQaJidM=,9rwnJAVV0hU0l44MIAkI2Pw9gtA=
-20,27,xERRQ26oI9b21+NU2QelGQaJidM=,9rwnJAVV0hU0l44MIAkI2Pw9gtA=
-23,31,xERRQ26oI9b21+NU2QelGQaJidM=,9rwnJAVV0hU0l44MIAkI2Pw9gtA=
-18,26,xERRQ26oI9b21+NU2QelGQaJidM=,9rwnJAVV0hU0l44MIAkI2Pw9gtA=
-17,26,xERRQ26oI9b21+NU2QelGQaJidM=,9rwnJAVV0hU0l44MIAkI2Pw9gtA=
-23,26,xERRQ26oI9b21+NU2QelGQaJidM=,9rwnJAVV0hU0l44MIAkI2Pw9gtA=
-21,27,xERRQ26oI9b21+NU2QelGQaJidM=,9rwnJAVV0hU0l44MIAkI2Pw9gtA=
-22,26,xERRQ26oI9b21+NU2QelGQaJidM=,9rwnJAVV0hU0l44MIAkI2Pw9gtA=
-24,27,xERRQ26oI9b21+NU2QelGQaJidM=,9rwnJAVV0hU0l44MIAkI2Pw9gtA=
-23,28,xERRQ26oI9b21+NU2QelGQaJidM=,9rwnJAVV0hU0l44MIAkI2Pw9gtA=
-23,27,xERRQ26oI9b21+NU2QelGQaJidM=,9rwnJAVV0hU0l44MIAkI2Pw9gtA=
-25,27,xERRQ26oI9b21+NU2QelGQaJidM=,9rwnJAVV0hU0l44MIAkI2Pw9gtA=
-24,28,xERRQ26oI9b21+NU2QelGQaJidM=,9rwnJAVV0hU0l44MIAkI2Pw9gtA=
-24,31,xERRQ26oI9b21+NU2QelGQaJidM=,9rwnJAVV0hU0l44MIAkI2Pw9gtA=
-22,27,xERRQ26oI9b21+NU2QelGQaJidM=,9rwnJAVV0hU0l44MIAkI2Pw9gtA=
-25,28,xERRQ26oI9b21+NU2QelGQaJidM=,9rwnJAVV0hU0l44MIAkI2Pw9gtA=
-17,27,xERRQ26oI9b21+NU2QelGQaJidM=,9rwnJAVV0hU0l44MIAkI2Pw9gtA=
-19,27,xERRQ26oI9b21+NU2QelGQaJidM=,9rwnJAVV0hU0l44MIAkI2Pw9gtA=
-21,28,xERRQ26oI9b21+NU2QelGQaJidM=,9rwnJAVV0hU0l44MIAkI2Pw9gtA=
-18,27,xERRQ26oI9b21+NU2QelGQaJidM=,9rwnJAVV0hU0l44MIAkI2Pw9gtA=
-20,28,xERRQ26oI9b21+NU2QelGQaJidM=,9rwnJAVV0hU0l44MIAkI2Pw9gtA=
-25,29,xERRQ26oI9b21+NU2QelGQaJidM=,9rwnJAVV0hU0l44MIAkI2Pw9gtA=
-22,28,xERRQ26oI9b21+NU2QelGQaJidM=,9rwnJAVV0hU0l44MIAkI2Pw9gtA=
-23,29,xERRQ26oI9b21+NU2QelGQaJidM=,9rwnJAVV0hU0l44MIAkI2Pw9gtA=
-21,29,xERRQ26oI9b21+NU2QelGQaJidM=,9rwnJAVV0hU0l44MIAkI2Pw9gtA=
-20,29,xERRQ26oI9b21+NU2QelGQaJidM=,9rwnJAVV0hU0l44MIAkI2Pw9gtA=
-22,29,xERRQ26oI9b21+NU2QelGQaJidM=,9rwnJAVV0hU0l44MIAkI2Pw9gtA=
-17,28,xERRQ26oI9b21+NU2QelGQaJidM=,9rwnJAVV0hU0l44MIAkI2Pw9gtA=
-19,28,xERRQ26oI9b21+NU2QelGQaJidM=,9rwnJAVV0hU0l44MIAkI2Pw9gtA=
-24,29,xERRQ26oI9b21+NU2QelGQaJidM=,9rwnJAVV0hU0l44MIAkI2Pw9gtA=
-25,31,xERRQ26oI9b21+NU2QelGQaJidM=,9rwnJAVV0hU0l44MIAkI2Pw9gtA=
-19,29,xERRQ26oI9b21+NU2QelGQaJidM=,9rwnJAVV0hU0l44MIAkI2Pw9gtA=
-18,28,xERRQ26oI9b21+NU2QelGQaJidM=,9rwnJAVV0hU0l44MIAkI2Pw9gtA=
-25,30,xERRQ26oI9b21+NU2QelGQaJidM=,9rwnJAVV0hU0l44MIAkI2Pw9gtA=
-22,30,xERRQ26oI9b21+NU2QelGQaJidM=,9rwnJAVV0hU0l44MIAkI2Pw9gtA=
-21,30,xERRQ26oI9b21+NU2QelGQaJidM=,9rwnJAVV0hU0l44MIAkI2Pw9gtA=
-20,30,xERRQ26oI9b21+NU2QelGQaJidM=,9rwnJAVV0hU0l44MIAkI2Pw9gtA=
-23,30,xERRQ26oI9b21+NU2QelGQaJidM=,9rwnJAVV0hU0l44MIAkI2Pw9gtA=
-19,30,xERRQ26oI9b21+NU2QelGQaJidM=,9rwnJAVV0hU0l44MIAkI2Pw9gtA=
-18,29,xERRQ26oI9b21+NU2QelGQaJidM=,9rwnJAVV0hU0l44MIAkI2Pw9gtA=
-18,30,xERRQ26oI9b21+NU2QelGQaJidM=,9rwnJAVV0hU0l44MIAkI2Pw9gtA=
-17,29,xERRQ26oI9b21+NU2QelGQaJidM=,9rwnJAVV0hU0l44MIAkI2Pw9gtA=
-24,30,xERRQ26oI9b21+NU2QelGQaJidM=,9rwnJAVV0hU0l44MIAkI2Pw9gtA=
-17,30,xERRQ26oI9b21+NU2QelGQaJidM=,9rwnJAVV0hU0l44MIAkI2Pw9gtA=
-3,22,IlDRCRFo+Od9P5+wK+L7LBI64YM=,9rwnJAVV0hU0l44MIAkI2Pw9gtA=
-1,23,IlDRCRFo+Od9P5+wK+L7LBI64YM=,9rwnJAVV0hU0l44MIAkI2Pw9gtA=
-2,22,IlDRCRFo+Od9P5+wK+L7LBI64YM=,9rwnJAVV0hU0l44MIAkI2Pw9gtA=
-4,24,IlDRCRFo+Od9P5+wK+L7LBI64YM=,9rwnJAVV0hU0l44MIAkI2Pw9gtA=
-9,23,IlDRCRFo+Od9P5+wK+L7LBI64YM=,9rwnJAVV0hU0l44MIAkI2Pw9gtA=
-1,22,IlDRCRFo+Od9P5+wK+L7LBI64YM=,9rwnJAVV0hU0l44MIAkI2Pw9gtA=
-2,23,IlDRCRFo+Od9P5+wK+L7LBI64YM=,9rwnJAVV0hU0l44MIAkI2Pw9gtA=
-12,25,IlDRCRFo+Od9P5+wK+L7LBI64YM=,9rwnJAVV0hU0l44MIAkI2Pw9gtA=
-4,22,IlDRCRFo+Od9P5+wK+L7LBI64YM=,9rwnJAVV0hU0l44MIAkI2Pw9gtA=
-11,25,IlDRCRFo+Od9P5+wK+L7LBI64YM=,9rwnJAVV0hU0l44MIAkI2Pw9gtA=
-3,23,IlDRCRFo+Od9P5+wK+L7LBI64YM=,9rwnJAVV0hU0l44MIAkI2Pw9gtA=
-4,30,IlDRCRFo+Od9P5+wK+L7LBI64YM=,9rwnJAVV0hU0l44MIAkI2Pw9gtA=
-3,30,IlDRCRFo+Od9P5+wK+L7LBI64YM=,9rwnJAVV0hU0l44MIAkI2Pw9gtA=
-5,30,IlDRCRFo+Od9P5+wK+L7LBI64YM=,9rwnJAVV0hU0l44MIAkI2Pw9gtA=
-3,24,IlDRCRFo+Od9P5+wK+L7LBI64YM=,9rwnJAVV0hU0l44MIAkI2Pw9gtA=
-6,30,IlDRCRFo+Od9P5+wK+L7LBI64YM=,9rwnJAVV0hU0l44MIAkI2Pw9gtA=
-4,23,IlDRCRFo+Od9P5+wK+L7LBI64YM=,9rwnJAVV0hU0l44MIAkI2Pw9gtA=
-2,24,IlDRCRFo+Od9P5+wK+L7LBI64YM=,9rwnJAVV0hU0l44MIAkI2Pw9gtA=
-9,21,IlDRCRFo+Od9P5+wK+L7LBI64YM=,9rwnJAVV0hU0l44MIAkI2Pw9gtA=
-5,23,IlDRCRFo+Od9P5+wK+L7LBI64YM=,9rwnJAVV0hU0l44MIAkI2Pw9gtA=
-2,30,c+obRrnyme/EHqrYZZc/309anzE=,9rwnJAVV0hU0l44MIAkI2Pw9gtA=
-14,18,c+obRrnyme/EHqrYZZc/309anzE=,9rwnJAVV0hU0l44MIAkI2Pw9gtA=
-9,20,c+obRrnyme/EHqrYZZc/309anzE=,9rwnJAVV0hU0l44MIAkI2Pw9gtA=
-6,23,c+obRrnyme/EHqrYZZc/309anzE=,9rwnJAVV0hU0l44MIAkI2Pw9gtA=
-10,20,c+obRrnyme/EHqrYZZc/309anzE=,9rwnJAVV0hU0l44MIAkI2Pw9gtA=
-16,23,c+obRrnyme/EHqrYZZc/309anzE=,9rwnJAVV0hU0l44MIAkI2Pw9gtA=
-10,25,c+obRrnyme/EHqrYZZc/309anzE=,9rwnJAVV0hU0l44MIAkI2Pw9gtA=
-15,16,c+obRrnyme/EHqrYZZc/309anzE=,9rwnJAVV0hU0l44MIAkI2Pw9gtA=
-10,21,c+obRrnyme/EHqrYZZc/309anzE=,9rwnJAVV0hU0l44MIAkI2Pw9gtA=
-16,16,c+obRrnyme/EHqrYZZc/309anzE=,9rwnJAVV0hU0l44MIAkI2Pw9gtA=
-12,22,c+obRrnyme/EHqrYZZc/309anzE=,9rwnJAVV0hU0l44MIAkI2Pw9gtA=
-16,20,c+obRrnyme/EHqrYZZc/309anzE=,9rwnJAVV0hU0l44MIAkI2Pw9gtA=
-12,21,c+obRrnyme/EHqrYZZc/309anzE=,9rwnJAVV0hU0l44MIAkI2Pw9gtA=
-9,16,c+obRrnyme/EHqrYZZc/309anzE=,9rwnJAVV0hU0l44MIAkI2Pw9gtA=
-7,23,c+obRrnyme/EHqrYZZc/309anzE=,9rwnJAVV0hU0l44MIAkI2Pw9gtA=
-13,16,c+obRrnyme/EHqrYZZc/309anzE=,9rwnJAVV0hU0l44MIAkI2Pw9gtA=
-11,20,c+obRrnyme/EHqrYZZc/309anzE=,9rwnJAVV0hU0l44MIAkI2Pw9gtA=
-16,31,c+obRrnyme/EHqrYZZc/309anzE=,9rwnJAVV0hU0l44MIAkI2Pw9gtA=
-7,20,c+obRrnyme/EHqrYZZc/309anzE=,9rwnJAVV0hU0l44MIAkI2Pw9gtA=
-16,21,c+obRrnyme/EHqrYZZc/309anzE=,9rwnJAVV0hU0l44MIAkI2Pw9gtA=
-15,25,c+obRrnyme/EHqrYZZc/309anzE=,9rwnJAVV0hU0l44MIAkI2Pw9gtA=
-10,22,c+obRrnyme/EHqrYZZc/309anzE=,9rwnJAVV0hU0l44MIAkI2Pw9gtA=
-14,16,c+obRrnyme/EHqrYZZc/309anzE=,9rwnJAVV0hU0l44MIAkI2Pw9gtA=
-8,23,c+obRrnyme/EHqrYZZc/309anzE=,9rwnJAVV0hU0l44MIAkI2Pw9gtA=
-11,22,c+obRrnyme/EHqrYZZc/309anzE=,9rwnJAVV0hU0l44MIAkI2Pw9gtA=
-12,26,mGoRGU0byZ1wGQCCahY3Y2KOByg=,9rwnJAVV0hU0l44MIAkI2Pw9gtA=
-12,20,mGoRGU0byZ1wGQCCahY3Y2KOByg=,9rwnJAVV0hU0l44MIAkI2Pw9gtA=
-10,16,mGoRGU0byZ1wGQCCahY3Y2KOByg=,9rwnJAVV0hU0l44MIAkI2Pw9gtA=
-16,18,mGoRGU0byZ1wGQCCahY3Y2KOByg=,9rwnJAVV0hU0l44MIAkI2Pw9gtA=
-16,22,mGoRGU0byZ1wGQCCahY3Y2KOByg=,9rwnJAVV0hU0l44MIAkI2Pw9gtA=
-14,25,mGoRGU0byZ1wGQCCahY3Y2KOByg=,9rwnJAVV0hU0l44MIAkI2Pw9gtA=
-11,23,mGoRGU0byZ1wGQCCahY3Y2KOByg=,9rwnJAVV0hU0l44MIAkI2Pw9gtA=
-16,30,mGoRGU0byZ1wGQCCahY3Y2KOByg=,9rwnJAVV0hU0l44MIAkI2Pw9gtA=
-9,22,mGoRGU0byZ1wGQCCahY3Y2KOByg=,9rwnJAVV0hU0l44MIAkI2Pw9gtA=
-8,22,mGoRGU0byZ1wGQCCahY3Y2KOByg=,9rwnJAVV0hU0l44MIAkI2Pw9gtA=
-10,23,mGoRGU0byZ1wGQCCahY3Y2KOByg=,9rwnJAVV0hU0l44MIAkI2Pw9gtA=
-15,22,mGoRGU0byZ1wGQCCahY3Y2KOByg=,9rwnJAVV0hU0l44MIAkI2Pw9gtA=
-12,23,mGoRGU0byZ1wGQCCahY3Y2KOByg=,9rwnJAVV0hU0l44MIAkI2Pw9gtA=
-13,20,mGoRGU0byZ1wGQCCahY3Y2KOByg=,9rwnJAVV0hU0l44MIAkI2Pw9gtA=
-16,19,mGoRGU0byZ1wGQCCahY3Y2KOByg=,9rwnJAVV0hU0l44MIAkI2Pw9gtA=
-10,26,mGoRGU0byZ1wGQCCahY3Y2KOByg=,9rwnJAVV0hU0l44MIAkI2Pw9gtA=
-1,16,mGoRGU0byZ1wGQCCahY3Y2KOByg=,9rwnJAVV0hU0l44MIAkI2Pw9gtA=
-11,26,mGoRGU0byZ1wGQCCahY3Y2KOByg=,9rwnJAVV0hU0l44MIAkI2Pw9gtA=
-11,21,mGoRGU0byZ1wGQCCahY3Y2KOByg=,9rwnJAVV0hU0l44MIAkI2Pw9gtA=
-12,18,mGoRGU0byZ1wGQCCahY3Y2KOByg=,9rwnJAVV0hU0l44MIAkI2Pw9gtA=
-16,29,mGoRGU0byZ1wGQCCahY3Y2KOByg=,9rwnJAVV0hU0l44MIAkI2Pw9gtA=
-6,20,mGoRGU0byZ1wGQCCahY3Y2KOByg=,9rwnJAVV0hU0l44MIAkI2Pw9gtA=
-10,17,mGoRGU0byZ1wGQCCahY3Y2KOByg=,9rwnJAVV0hU0l44MIAkI2Pw9gtA=
-11,18,mGoRGU0byZ1wGQCCahY3Y2KOByg=,9rwnJAVV0hU0l44MIAkI2Pw9gtA=
-11,16,mGoRGU0byZ1wGQCCahY3Y2KOByg=,9rwnJAVV0hU0l44MIAkI2Pw9gtA=
-7,17,mGoRGU0byZ1wGQCCahY3Y2KOByg=,9rwnJAVV0hU0l44MIAkI2Pw9gtA=
-12,27,mGoRGU0byZ1wGQCCahY3Y2KOByg=,9rwnJAVV0hU0l44MIAkI2Pw9gtA=
-12,19,mGoRGU0byZ1wGQCCahY3Y2KOByg=,9rwnJAVV0hU0l44MIAkI2Pw9gtA=
-16,28,mGoRGU0byZ1wGQCCahY3Y2KOByg=,9rwnJAVV0hU0l44MIAkI2Pw9gtA=
-6,22,mGoRGU0byZ1wGQCCahY3Y2KOByg=,9rwnJAVV0hU0l44MIAkI2Pw9gtA=
-8,20,mGoRGU0byZ1wGQCCahY3Y2KOByg=,9rwnJAVV0hU0l44MIAkI2Pw9gtA=
-5,22,mGoRGU0byZ1wGQCCahY3Y2KOByg=,9rwnJAVV0hU0l44MIAkI2Pw9gtA=
-1,21,mGoRGU0byZ1wGQCCahY3Y2KOByg=,9rwnJAVV0hU0l44MIAkI2Pw9gtA=
-8,21,mGoRGU0byZ1wGQCCahY3Y2KOByg=,9rwnJAVV0hU0l44MIAkI2Pw9gtA=
-2,21,mGoRGU0byZ1wGQCCahY3Y2KOByg=,9rwnJAVV0hU0l44MIAkI2Pw9gtA=
-7,22,mGoRGU0byZ1wGQCCahY3Y2KOByg=,9rwnJAVV0hU0l44MIAkI2Pw9gtA=
-4,21,mGoRGU0byZ1wGQCCahY3Y2KOByg=,9rwnJAVV0hU0l44MIAkI2Pw9gtA=
-16,27,mGoRGU0byZ1wGQCCahY3Y2KOByg=,9rwnJAVV0hU0l44MIAkI2Pw9gtA=
-3,21,mGoRGU0byZ1wGQCCahY3Y2KOByg=,9rwnJAVV0hU0l44MIAkI2Pw9gtA=
-5,21,mGoRGU0byZ1wGQCCahY3Y2KOByg=,9rwnJAVV0hU0l44MIAkI2Pw9gtA=
-1,20,mGoRGU0byZ1wGQCCahY3Y2KOByg=,9rwnJAVV0hU0l44MIAkI2Pw9gtA=
-7,21,mGoRGU0byZ1wGQCCahY3Y2KOByg=,9rwnJAVV0hU0l44MIAkI2Pw9gtA=
-12,16,mGoRGU0byZ1wGQCCahY3Y2KOByg=,9rwnJAVV0hU0l44MIAkI2Pw9gtA=
-14,20,mGoRGU0byZ1wGQCCahY3Y2KOByg=,9rwnJAVV0hU0l44MIAkI2Pw9gtA=
-2,20,XSM7W/zC1jIjleAhGJ43aaBjrpE=,9rwnJAVV0hU0l44MIAkI2Pw9gtA=
-4,20,XSM7W/zC1jIjleAhGJ43aaBjrpE=,9rwnJAVV0hU0l44MIAkI2Pw9gtA=
-3,20,XSM7W/zC1jIjleAhGJ43aaBjrpE=,9rwnJAVV0hU0l44MIAkI2Pw9gtA=
-6,21,XSM7W/zC1jIjleAhGJ43aaBjrpE=,9rwnJAVV0hU0l44MIAkI2Pw9gtA=
-15,20,XSM7W/zC1jIjleAhGJ43aaBjrpE=,9rwnJAVV0hU0l44MIAkI2Pw9gtA=
-5,20,XSM7W/zC1jIjleAhGJ43aaBjrpE=,9rwnJAVV0hU0l44MIAkI2Pw9gtA=
-14,23,XSM7W/zC1jIjleAhGJ43aaBjrpE=,9rwnJAVV0hU0l44MIAkI2Pw9gtA=
-13,21,XSM7W/zC1jIjleAhGJ43aaBjrpE=,9rwnJAVV0hU0l44MIAkI2Pw9gtA=
-15,23,XSM7W/zC1jIjleAhGJ43aaBjrpE=,9rwnJAVV0hU0l44MIAkI2Pw9gtA=
-16,26,XSM7W/zC1jIjleAhGJ43aaBjrpE=,9rwnJAVV0hU0l44MIAkI2Pw9gtA=
-14,21,XSM7W/zC1jIjleAhGJ43aaBjrpE=,9rwnJAVV0hU0l44MIAkI2Pw9gtA=
-15,21,XSM7W/zC1jIjleAhGJ43aaBjrpE=,9rwnJAVV0hU0l44MIAkI2Pw9gtA=
-16,17,XSM7W/zC1jIjleAhGJ43aaBjrpE=,9rwnJAVV0hU0l44MIAkI2Pw9gtA=
-13,22,XSM7W/zC1jIjleAhGJ43aaBjrpE=,9rwnJAVV0hU0l44MIAkI2Pw9gtA=
-14,22,XSM7W/zC1jIjleAhGJ43aaBjrpE=,9rwnJAVV0hU0l44MIAkI2Pw9gtA=
-13,23,XSM7W/zC1jIjleAhGJ43aaBjrpE=,9rwnJAVV0hU0l44MIAkI2Pw9gtA=
-15,18,XSM7W/zC1jIjleAhGJ43aaBjrpE=,9rwnJAVV0hU0l44MIAkI2Pw9gtA=
-15,19,XSM7W/zC1jIjleAhGJ43aaBjrpE=,9rwnJAVV0hU0l44MIAkI2Pw9gtA=
-14,19,XSM7W/zC1jIjleAhGJ43aaBjrpE=,9rwnJAVV0hU0l44MIAkI2Pw9gtA=
-13,19,XSM7W/zC1jIjleAhGJ43aaBjrpE=,9rwnJAVV0hU0l44MIAkI2Pw9gtA=
-15,17,XSM7W/zC1jIjleAhGJ43aaBjrpE=,9rwnJAVV0hU0l44MIAkI2Pw9gtA=
-14,17,XSM7W/zC1jIjleAhGJ43aaBjrpE=,9rwnJAVV0hU0l44MIAkI2Pw9gtA=
-9,19,XSM7W/zC1jIjleAhGJ43aaBjrpE=,9rwnJAVV0hU0l44MIAkI2Pw9gtA=
-16,24,XSM7W/zC1jIjleAhGJ43aaBjrpE=,9rwnJAVV0hU0l44MIAkI2Pw9gtA=
-13,18,XSM7W/zC1jIjleAhGJ43aaBjrpE=,9rwnJAVV0hU0l44MIAkI2Pw9gtA=
-2,16,XSM7W/zC1jIjleAhGJ43aaBjrpE=,9rwnJAVV0hU0l44MIAkI2Pw9gtA=
-13,17,XSM7W/zC1jIjleAhGJ43aaBjrpE=,9rwnJAVV0hU0l44MIAkI2Pw9gtA=
-16,25,XSM7W/zC1jIjleAhGJ43aaBjrpE=,9rwnJAVV0hU0l44MIAkI2Pw9gtA=
-6,16,XSM7W/zC1jIjleAhGJ43aaBjrpE=,9rwnJAVV0hU0l44MIAkI2Pw9gtA=
-4,16,XSM7W/zC1jIjleAhGJ43aaBjrpE=,9rwnJAVV0hU0l44MIAkI2Pw9gtA=
-5,16,XSM7W/zC1jIjleAhGJ43aaBjrpE=,9rwnJAVV0hU0l44MIAkI2Pw9gtA=
-3,16,XSM7W/zC1jIjleAhGJ43aaBjrpE=,9rwnJAVV0hU0l44MIAkI2Pw9gtA=
-10,19,XSM7W/zC1jIjleAhGJ43aaBjrpE=,9rwnJAVV0hU0l44MIAkI2Pw9gtA=
-7,16,XSM7W/zC1jIjleAhGJ43aaBjrpE=,9rwnJAVV0hU0l44MIAkI2Pw9gtA=
-8,16,XSM7W/zC1jIjleAhGJ43aaBjrpE=,9rwnJAVV0hU0l44MIAkI2Pw9gtA=
-13,31,XSM7W/zC1jIjleAhGJ43aaBjrpE=,9rwnJAVV0hU0l44MIAkI2Pw9gtA=
-14,31,XSM7W/zC1jIjleAhGJ43aaBjrpE=,9rwnJAVV0hU0l44MIAkI2Pw9gtA=
-8,18,XSM7W/zC1jIjleAhGJ43aaBjrpE=,9rwnJAVV0hU0l44MIAkI2Pw9gtA=
-8,19,XSM7W/zC1jIjleAhGJ43aaBjrpE=,9rwnJAVV0hU0l44MIAkI2Pw9gtA=
-2,19,XSM7W/zC1jIjleAhGJ43aaBjrpE=,9rwnJAVV0hU0l44MIAkI2Pw9gtA=
-1,19,XSM7W/zC1jIjleAhGJ43aaBjrpE=,9rwnJAVV0hU0l44MIAkI2Pw9gtA=
-5,19,XSM7W/zC1jIjleAhGJ43aaBjrpE=,9rwnJAVV0hU0l44MIAkI2Pw9gtA=
-3,19,XSM7W/zC1jIjleAhGJ43aaBjrpE=,9rwnJAVV0hU0l44MIAkI2Pw9gtA=
-4,19,XSM7W/zC1jIjleAhGJ43aaBjrpE=,9rwnJAVV0hU0l44MIAkI2Pw9gtA=
-15,31,XSM7W/zC1jIjleAhGJ43aaBjrpE=,9rwnJAVV0hU0l44MIAkI2Pw9gtA=
-8,17,XSM7W/zC1jIjleAhGJ43aaBjrpE=,9rwnJAVV0hU0l44MIAkI2Pw9gtA=
-7,19,XSM7W/zC1jIjleAhGJ43aaBjrpE=,9rwnJAVV0hU0l44MIAkI2Pw9gtA=
-9,17,XSM7W/zC1jIjleAhGJ43aaBjrpE=,9rwnJAVV0hU0l44MIAkI2Pw9gtA=
-1,18,XSM7W/zC1jIjleAhGJ43aaBjrpE=,9rwnJAVV0hU0l44MIAkI2Pw9gtA=
-6,19,XSM7W/zC1jIjleAhGJ43aaBjrpE=,9rwnJAVV0hU0l44MIAkI2Pw9gtA=
-2,18,XSM7W/zC1jIjleAhGJ43aaBjrpE=,9rwnJAVV0hU0l44MIAkI2Pw9gtA=
-4,18,XSM7W/zC1jIjleAhGJ43aaBjrpE=,9rwnJAVV0hU0l44MIAkI2Pw9gtA=
-6,18,XSM7W/zC1jIjleAhGJ43aaBjrpE=,9rwnJAVV0hU0l44MIAkI2Pw9gtA=
-3,18,XSM7W/zC1jIjleAhGJ43aaBjrpE=,9rwnJAVV0hU0l44MIAkI2Pw9gtA=
-11,27,XSM7W/zC1jIjleAhGJ43aaBjrpE=,9rwnJAVV0hU0l44MIAkI2Pw9gtA=
-1,17,XSM7W/zC1jIjleAhGJ43aaBjrpE=,9rwnJAVV0hU0l44MIAkI2Pw9gtA=
-13,24,XSM7W/zC1jIjleAhGJ43aaBjrpE=,9rwnJAVV0hU0l44MIAkI2Pw9gtA=
-5,18,XSM7W/zC1jIjleAhGJ43aaBjrpE=,9rwnJAVV0hU0l44MIAkI2Pw9gtA=
-13,25,XSM7W/zC1jIjleAhGJ43aaBjrpE=,9rwnJAVV0hU0l44MIAkI2Pw9gtA=
-3,17,XSM7W/zC1jIjleAhGJ43aaBjrpE=,9rwnJAVV0hU0l44MIAkI2Pw9gtA=
-5,17,XSM7W/zC1jIjleAhGJ43aaBjrpE=,9rwnJAVV0hU0l44MIAkI2Pw9gtA=
-2,17,XSM7W/zC1jIjleAhGJ43aaBjrpE=,9rwnJAVV0hU0l44MIAkI2Pw9gtA=
-4,17,XSM7W/zC1jIjleAhGJ43aaBjrpE=,9rwnJAVV0hU0l44MIAkI2Pw9gtA=
-15,26,XSM7W/zC1jIjleAhGJ43aaBjrpE=,9rwnJAVV0hU0l44MIAkI2Pw9gtA=
-7,18,XSM7W/zC1jIjleAhGJ43aaBjrpE=,9rwnJAVV0hU0l44MIAkI2Pw9gtA=
-14,26,XSM7W/zC1jIjleAhGJ43aaBjrpE=,9rwnJAVV0hU0l44MIAkI2Pw9gtA=
-13,26,XSM7W/zC1jIjleAhGJ43aaBjrpE=,9rwnJAVV0hU0l44MIAkI2Pw9gtA=
-6,17,XSM7W/zC1jIjleAhGJ43aaBjrpE=,9rwnJAVV0hU0l44MIAkI2Pw9gtA=
-15,27,XSM7W/zC1jIjleAhGJ43aaBjrpE=,9rwnJAVV0hU0l44MIAkI2Pw9gtA=
-11,17,XSM7W/zC1jIjleAhGJ43aaBjrpE=,9rwnJAVV0hU0l44MIAkI2Pw9gtA=
-10,27,XSM7W/zC1jIjleAhGJ43aaBjrpE=,9rwnJAVV0hU0l44MIAkI2Pw9gtA=
-11,28,XSM7W/zC1jIjleAhGJ43aaBjrpE=,9rwnJAVV0hU0l44MIAkI2Pw9gtA=
-10,28,XSM7W/zC1jIjleAhGJ43aaBjrpE=,9rwnJAVV0hU0l44MIAkI2Pw9gtA=
-14,27,XSM7W/zC1jIjleAhGJ43aaBjrpE=,9rwnJAVV0hU0l44MIAkI2Pw9gtA=
-12,28,XSM7W/zC1jIjleAhGJ43aaBjrpE=,9rwnJAVV0hU0l44MIAkI2Pw9gtA=
-14,24,XSM7W/zC1jIjleAhGJ43aaBjrpE=,9rwnJAVV0hU0l44MIAkI2Pw9gtA=
-15,28,XSM7W/zC1jIjleAhGJ43aaBjrpE=,9rwnJAVV0hU0l44MIAkI2Pw9gtA=
-12,29,XSM7W/zC1jIjleAhGJ43aaBjrpE=,9rwnJAVV0hU0l44MIAkI2Pw9gtA=
-11,29,XSM7W/zC1jIjleAhGJ43aaBjrpE=,9rwnJAVV0hU0l44MIAkI2Pw9gtA=
-13,27,XSM7W/zC1jIjleAhGJ43aaBjrpE=,9rwnJAVV0hU0l44MIAkI2Pw9gtA=
-14,28,XSM7W/zC1jIjleAhGJ43aaBjrpE=,9rwnJAVV0hU0l44MIAkI2Pw9gtA=
-13,28,XSM7W/zC1jIjleAhGJ43aaBjrpE=,9rwnJAVV0hU0l44MIAkI2Pw9gtA=
-11,19,XSM7W/zC1jIjleAhGJ43aaBjrpE=,9rwnJAVV0hU0l44MIAkI2Pw9gtA=
-12,24,XSM7W/zC1jIjleAhGJ43aaBjrpE=,9rwnJAVV0hU0l44MIAkI2Pw9gtA=
-12,30,XSM7W/zC1jIjleAhGJ43aaBjrpE=,9rwnJAVV0hU0l44MIAkI2Pw9gtA=
-10,29,XSM7W/zC1jIjleAhGJ43aaBjrpE=,9rwnJAVV0hU0l44MIAkI2Pw9gtA=
-10,30,XSM7W/zC1jIjleAhGJ43aaBjrpE=,9rwnJAVV0hU0l44MIAkI2Pw9gtA=
-10,18,XSM7W/zC1jIjleAhGJ43aaBjrpE=,9rwnJAVV0hU0l44MIAkI2Pw9gtA=
-11,30,XSM7W/zC1jIjleAhGJ43aaBjrpE=,9rwnJAVV0hU0l44MIAkI2Pw9gtA=
-15,29,XSM7W/zC1jIjleAhGJ43aaBjrpE=,9rwnJAVV0hU0l44MIAkI2Pw9gtA=
-14,29,XSM7W/zC1jIjleAhGJ43aaBjrpE=,9rwnJAVV0hU0l44MIAkI2Pw9gtA=
-13,29,XSM7W/zC1jIjleAhGJ43aaBjrpE=,9rwnJAVV0hU0l44MIAkI2Pw9gtA=
-15,24,XSM7W/zC1jIjleAhGJ43aaBjrpE=,9rwnJAVV0hU0l44MIAkI2Pw9gtA=
-9,18,XSM7W/zC1jIjleAhGJ43aaBjrpE=,9rwnJAVV0hU0l44MIAkI2Pw9gtA=
-1,24,XSM7W/zC1jIjleAhGJ43aaBjrpE=,9rwnJAVV0hU0l44MIAkI2Pw9gtA=
-1,30,XSM7W/zC1jIjleAhGJ43aaBjrpE=,9rwnJAVV0hU0l44MIAkI2Pw9gtA=
-13,30,XSM7W/zC1jIjleAhGJ43aaBjrpE=,9rwnJAVV0hU0l44MIAkI2Pw9gtA=
-8,25,XSM7W/zC1jIjleAhGJ43aaBjrpE=,9rwnJAVV0hU0l44MIAkI2Pw9gtA=
-6,31,XSM7W/zC1jIjleAhGJ43aaBjrpE=,9rwnJAVV0hU0l44MIAkI2Pw9gtA=
-8,31,XSM7W/zC1jIjleAhGJ43aaBjrpE=,9rwnJAVV0hU0l44MIAkI2Pw9gtA=
-7,31,XSM7W/zC1jIjleAhGJ43aaBjrpE=,9rwnJAVV0hU0l44MIAkI2Pw9gtA=
-3,31,XSM7W/zC1jIjleAhGJ43aaBjrpE=,9rwnJAVV0hU0l44MIAkI2Pw9gtA=
-5,25,XSM7W/zC1jIjleAhGJ43aaBjrpE=,9rwnJAVV0hU0l44MIAkI2Pw9gtA=
-6,25,XSM7W/zC1jIjleAhGJ43aaBjrpE=,9rwnJAVV0hU0l44MIAkI2Pw9gtA=
-2,31,XSM7W/zC1jIjleAhGJ43aaBjrpE=,9rwnJAVV0hU0l44MIAkI2Pw9gtA=
-5,31,XSM7W/zC1jIjleAhGJ43aaBjrpE=,9rwnJAVV0hU0l44MIAkI2Pw9gtA=
-4,31,XSM7W/zC1jIjleAhGJ43aaBjrpE=,9rwnJAVV0hU0l44MIAkI2Pw9gtA=
-9,24,XSM7W/zC1jIjleAhGJ43aaBjrpE=,9rwnJAVV0hU0l44MIAkI2Pw9gtA=
-1,31,XSM7W/zC1jIjleAhGJ43aaBjrpE=,9rwnJAVV0hU0l44MIAkI2Pw9gtA=
-12,17,XSM7W/zC1jIjleAhGJ43aaBjrpE=,9rwnJAVV0hU0l44MIAkI2Pw9gtA=
-14,30,XSM7W/zC1jIjleAhGJ43aaBjrpE=,9rwnJAVV0hU0l44MIAkI2Pw9gtA=
-2,29,XSM7W/zC1jIjleAhGJ43aaBjrpE=,9rwnJAVV0hU0l44MIAkI2Pw9gtA=
-4,29,XSM7W/zC1jIjleAhGJ43aaBjrpE=,9rwnJAVV0hU0l44MIAkI2Pw9gtA=
-5,24,XSM7W/zC1jIjleAhGJ43aaBjrpE=,9rwnJAVV0hU0l44MIAkI2Pw9gtA=
-1,29,XSM7W/zC1jIjleAhGJ43aaBjrpE=,9rwnJAVV0hU0l44MIAkI2Pw9gtA=
-8,30,XSM7W/zC1jIjleAhGJ43aaBjrpE=,9rwnJAVV0hU0l44MIAkI2Pw9gtA=
-15,30,XSM7W/zC1jIjleAhGJ43aaBjrpE=,9rwnJAVV0hU0l44MIAkI2Pw9gtA=
-3,29,XSM7W/zC1jIjleAhGJ43aaBjrpE=,9rwnJAVV0hU0l44MIAkI2Pw9gtA=
-6,24,XSM7W/zC1jIjleAhGJ43aaBjrpE=,9rwnJAVV0hU0l44MIAkI2Pw9gtA=
-7,24,XSM7W/zC1jIjleAhGJ43aaBjrpE=,9rwnJAVV0hU0l44MIAkI2Pw9gtA=
-7,29,XSM7W/zC1jIjleAhGJ43aaBjrpE=,9rwnJAVV0hU0l44MIAkI2Pw9gtA=
-5,29,XSM7W/zC1jIjleAhGJ43aaBjrpE=,9rwnJAVV0hU0l44MIAkI2Pw9gtA=
-7,30,XSM7W/zC1jIjleAhGJ43aaBjrpE=,9rwnJAVV0hU0l44MIAkI2Pw9gtA=
-6,29,XSM7W/zC1jIjleAhGJ43aaBjrpE=,9rwnJAVV0hU0l44MIAkI2Pw9gtA=
-1,28,XSM7W/zC1jIjleAhGJ43aaBjrpE=,9rwnJAVV0hU0l44MIAkI2Pw9gtA=
-1,27,XSM7W/zC1jIjleAhGJ43aaBjrpE=,9rwnJAVV0hU0l44MIAkI2Pw9gtA=
-2,28,XSM7W/zC1jIjleAhGJ43aaBjrpE=,9rwnJAVV0hU0l44MIAkI2Pw9gtA=
-3,28,XSM7W/zC1jIjleAhGJ43aaBjrpE=,9rwnJAVV0hU0l44MIAkI2Pw9gtA=
-8,24,XSM7W/zC1jIjleAhGJ43aaBjrpE=,9rwnJAVV0hU0l44MIAkI2Pw9gtA=
-2,27,XSM7W/zC1jIjleAhGJ43aaBjrpE=,9rwnJAVV0hU0l44MIAkI2Pw9gtA=
-8,29,XSM7W/zC1jIjleAhGJ43aaBjrpE=,9rwnJAVV0hU0l44MIAkI2Pw9gtA=
-4,28,XSM7W/zC1jIjleAhGJ43aaBjrpE=,9rwnJAVV0hU0l44MIAkI2Pw9gtA=
-3,27,XSM7W/zC1jIjleAhGJ43aaBjrpE=,9rwnJAVV0hU0l44MIAkI2Pw9gtA=
-7,28,XSM7W/zC1jIjleAhGJ43aaBjrpE=,9rwnJAVV0hU0l44MIAkI2Pw9gtA=
-8,28,XSM7W/zC1jIjleAhGJ43aaBjrpE=,9rwnJAVV0hU0l44MIAkI2Pw9gtA=
-5,27,XSM7W/zC1jIjleAhGJ43aaBjrpE=,9rwnJAVV0hU0l44MIAkI2Pw9gtA=
-9,29,XSM7W/zC1jIjleAhGJ43aaBjrpE=,9rwnJAVV0hU0l44MIAkI2Pw9gtA=
-4,27,XSM7W/zC1jIjleAhGJ43aaBjrpE=,9rwnJAVV0hU0l44MIAkI2Pw9gtA=
-5,28,XSM7W/zC1jIjleAhGJ43aaBjrpE=,9rwnJAVV0hU0l44MIAkI2Pw9gtA=
-6,27,XSM7W/zC1jIjleAhGJ43aaBjrpE=,9rwnJAVV0hU0l44MIAkI2Pw9gtA=
-9,31,XSM7W/zC1jIjleAhGJ43aaBjrpE=,9rwnJAVV0hU0l44MIAkI2Pw9gtA=
-6,28,XSM7W/zC1jIjleAhGJ43aaBjrpE=,9rwnJAVV0hU0l44MIAkI2Pw9gtA=
-1,26,XSM7W/zC1jIjleAhGJ43aaBjrpE=,9rwnJAVV0hU0l44MIAkI2Pw9gtA=
-7,27,XSM7W/zC1jIjleAhGJ43aaBjrpE=,9rwnJAVV0hU0l44MIAkI2Pw9gtA=
-3,26,XSM7W/zC1jIjleAhGJ43aaBjrpE=,9rwnJAVV0hU0l44MIAkI2Pw9gtA=
-5,26,XSM7W/zC1jIjleAhGJ43aaBjrpE=,9rwnJAVV0hU0l44MIAkI2Pw9gtA=
-9,30,XSM7W/zC1jIjleAhGJ43aaBjrpE=,9rwnJAVV0hU0l44MIAkI2Pw9gtA=
-7,26,XSM7W/zC1jIjleAhGJ43aaBjrpE=,9rwnJAVV0hU0l44MIAkI2Pw9gtA=
-9,27,XSM7W/zC1jIjleAhGJ43aaBjrpE=,9rwnJAVV0hU0l44MIAkI2Pw9gtA=
-2,26,XSM7W/zC1jIjleAhGJ43aaBjrpE=,9rwnJAVV0hU0l44MIAkI2Pw9gtA=
-9,28,XSM7W/zC1jIjleAhGJ43aaBjrpE=,9rwnJAVV0hU0l44MIAkI2Pw9gtA=
-8,27,XSM7W/zC1jIjleAhGJ43aaBjrpE=,9rwnJAVV0hU0l44MIAkI2Pw9gtA=
-2,25,XSM7W/zC1jIjleAhGJ43aaBjrpE=,9rwnJAVV0hU0l44MIAkI2Pw9gtA=
-4,26,XSM7W/zC1jIjleAhGJ43aaBjrpE=,9rwnJAVV0hU0l44MIAkI2Pw9gtA=
-9,26,XSM7W/zC1jIjleAhGJ43aaBjrpE=,9rwnJAVV0hU0l44MIAkI2Pw9gtA=
-3,25,XSM7W/zC1jIjleAhGJ43aaBjrpE=,9rwnJAVV0hU0l44MIAkI2Pw9gtA=
-1,25,XSM7W/zC1jIjleAhGJ43aaBjrpE=,9rwnJAVV0hU0l44MIAkI2Pw9gtA=
-9,25,XSM7W/zC1jIjleAhGJ43aaBjrpE=,9rwnJAVV0hU0l44MIAkI2Pw9gtA=
-12,31,XSM7W/zC1jIjleAhGJ43aaBjrpE=,9rwnJAVV0hU0l44MIAkI2Pw9gtA=
-11,24,XSM7W/zC1jIjleAhGJ43aaBjrpE=,9rwnJAVV0hU0l44MIAkI2Pw9gtA=
-6,26,XSM7W/zC1jIjleAhGJ43aaBjrpE=,9rwnJAVV0hU0l44MIAkI2Pw9gtA=
-8,26,XSM7W/zC1jIjleAhGJ43aaBjrpE=,9rwnJAVV0hU0l44MIAkI2Pw9gtA=
-4,25,XSM7W/zC1jIjleAhGJ43aaBjrpE=,9rwnJAVV0hU0l44MIAkI2Pw9gtA=
-11,31,XSM7W/zC1jIjleAhGJ43aaBjrpE=,9rwnJAVV0hU0l44MIAkI2Pw9gtA=
-10,31,XSM7W/zC1jIjleAhGJ43aaBjrpE=,9rwnJAVV0hU0l44MIAkI2Pw9gtA=
-10,24,XSM7W/zC1jIjleAhGJ43aaBjrpE=,9rwnJAVV0hU0l44MIAkI2Pw9gtA=
-7,25,XSM7W/zC1jIjleAhGJ43aaBjrpE=,9rwnJAVV0hU0l44MIAkI2Pw9gtA=
-1,8,WRv5SDkOXD4KvzGuvAkUlqIVJiQ=,9rwnJAVV0hU0l44MIAkI2Pw9gtA=
-1,7,WRv5SDkOXD4KvzGuvAkUlqIVJiQ=,9rwnJAVV0hU0l44MIAkI2Pw9gtA=
-9,7,WRv5SDkOXD4KvzGuvAkUlqIVJiQ=,9rwnJAVV0hU0l44MIAkI2Pw9gtA=
-16,6,WRv5SDkOXD4KvzGuvAkUlqIVJiQ=,9rwnJAVV0hU0l44MIAkI2Pw9gtA=
-15,0,WRv5SDkOXD4KvzGuvAkUlqIVJiQ=,9rwnJAVV0hU0l44MIAkI2Pw9gtA=
-16,5,WRv5SDkOXD4KvzGuvAkUlqIVJiQ=,9rwnJAVV0hU0l44MIAkI2Pw9gtA=
-16,0,WRv5SDkOXD4KvzGuvAkUlqIVJiQ=,9rwnJAVV0hU0l44MIAkI2Pw9gtA=
-4,9,WRv5SDkOXD4KvzGuvAkUlqIVJiQ=,9rwnJAVV0hU0l44MIAkI2Pw9gtA=
-16,4,WRv5SDkOXD4KvzGuvAkUlqIVJiQ=,9rwnJAVV0hU0l44MIAkI2Pw9gtA=
-1,11,WRv5SDkOXD4KvzGuvAkUlqIVJiQ=,9rwnJAVV0hU0l44MIAkI2Pw9gtA=
-3,9,WRv5SDkOXD4KvzGuvAkUlqIVJiQ=,9rwnJAVV0hU0l44MIAkI2Pw9gtA=
-2,7,WRv5SDkOXD4KvzGuvAkUlqIVJiQ=,9rwnJAVV0hU0l44MIAkI2Pw9gtA=
-3,6,760Jq2Uqm430InDWVpk2cIaxAzo=,9rwnJAVV0hU0l44MIAkI2Pw9gtA=
-11,7,uDhN1Et7digW5WJVUUfV7FVhApc=,9rwnJAVV0hU0l44MIAkI2Pw9gtA=
-16,2,uDhN1Et7digW5WJVUUfV7FVhApc=,9rwnJAVV0hU0l44MIAkI2Pw9gtA=
-4,6,uDhN1Et7digW5WJVUUfV7FVhApc=,9rwnJAVV0hU0l44MIAkI2Pw9gtA=
-1,15,uDhN1Et7digW5WJVUUfV7FVhApc=,9rwnJAVV0hU0l44MIAkI2Pw9gtA=
-12,7,uDhN1Et7digW5WJVUUfV7FVhApc=,9rwnJAVV0hU0l44MIAkI2Pw9gtA=
-13,6,uDhN1Et7digW5WJVUUfV7FVhApc=,9rwnJAVV0hU0l44MIAkI2Pw9gtA=
-4,10,uDhN1Et7digW5WJVUUfV7FVhApc=,9rwnJAVV0hU0l44MIAkI2Pw9gtA=
-4,4,uDhN1Et7digW5WJVUUfV7FVhApc=,9rwnJAVV0hU0l44MIAkI2Pw9gtA=
-1,6,uDhN1Et7digW5WJVUUfV7FVhApc=,9rwnJAVV0hU0l44MIAkI2Pw9gtA=
-2,9,uDhN1Et7digW5WJVUUfV7FVhApc=,9rwnJAVV0hU0l44MIAkI2Pw9gtA=
-1,10,uDhN1Et7digW5WJVUUfV7FVhApc=,9rwnJAVV0hU0l44MIAkI2Pw9gtA=
-8,7,uDhN1Et7digW5WJVUUfV7FVhApc=,9rwnJAVV0hU0l44MIAkI2Pw9gtA=
-2,6,uDhN1Et7digW5WJVUUfV7FVhApc=,9rwnJAVV0hU0l44MIAkI2Pw9gtA=
-9,0,uDhN1Et7digW5WJVUUfV7FVhApc=,9rwnJAVV0hU0l44MIAkI2Pw9gtA=
-3,7,uDhN1Et7digW5WJVUUfV7FVhApc=,9rwnJAVV0hU0l44MIAkI2Pw9gtA=
-4,5,uDhN1Et7digW5WJVUUfV7FVhApc=,9rwnJAVV0hU0l44MIAkI2Pw9gtA=
-1,13,uDhN1Et7digW5WJVUUfV7FVhApc=,9rwnJAVV0hU0l44MIAkI2Pw9gtA=
-1,14,uDhN1Et7digW5WJVUUfV7FVhApc=,9rwnJAVV0hU0l44MIAkI2Pw9gtA=
-1,12,uDhN1Et7digW5WJVUUfV7FVhApc=,9rwnJAVV0hU0l44MIAkI2Pw9gtA=
-2,15,uDhN1Et7digW5WJVUUfV7FVhApc=,9rwnJAVV0hU0l44MIAkI2Pw9gtA=
-3,4,uDhN1Et7digW5WJVUUfV7FVhApc=,9rwnJAVV0hU0l44MIAkI2Pw9gtA=
-10,0,uDhN1Et7digW5WJVUUfV7FVhApc=,9rwnJAVV0hU0l44MIAkI2Pw9gtA=
-3,15,Yi4+paQYPStvoRlVbcujnGx0rWQ=,9rwnJAVV0hU0l44MIAkI2Pw9gtA=
-1,9,Yi4+paQYPStvoRlVbcujnGx0rWQ=,9rwnJAVV0hU0l44MIAkI2Pw9gtA=
-2,4,Yi4+paQYPStvoRlVbcujnGx0rWQ=,9rwnJAVV0hU0l44MIAkI2Pw9gtA=
-1,4,Yi4+paQYPStvoRlVbcujnGx0rWQ=,9rwnJAVV0hU0l44MIAkI2Pw9gtA=
-2,14,Yi4+paQYPStvoRlVbcujnGx0rWQ=,9rwnJAVV0hU0l44MIAkI2Pw9gtA=
-4,15,Yi4+paQYPStvoRlVbcujnGx0rWQ=,9rwnJAVV0hU0l44MIAkI2Pw9gtA=
-3,14,Yi4+paQYPStvoRlVbcujnGx0rWQ=,9rwnJAVV0hU0l44MIAkI2Pw9gtA=
-4,7,Yi4+paQYPStvoRlVbcujnGx0rWQ=,9rwnJAVV0hU0l44MIAkI2Pw9gtA=
-4,14,Yi4+paQYPStvoRlVbcujnGx0rWQ=,9rwnJAVV0hU0l44MIAkI2Pw9gtA=
-1,0,Yi4+paQYPStvoRlVbcujnGx0rWQ=,9rwnJAVV0hU0l44MIAkI2Pw9gtA=
-2,8,Yi4+paQYPStvoRlVbcujnGx0rWQ=,9rwnJAVV0hU0l44MIAkI2Pw9gtA=
-2,13,Yi4+paQYPStvoRlVbcujnGx0rWQ=,9rwnJAVV0hU0l44MIAkI2Pw9gtA=
-11,0,Yi4+paQYPStvoRlVbcujnGx0rWQ=,9rwnJAVV0hU0l44MIAkI2Pw9gtA=
-3,13,Yi4+paQYPStvoRlVbcujnGx0rWQ=,9rwnJAVV0hU0l44MIAkI2Pw9gtA=
-13,5,Yi4+paQYPStvoRlVbcujnGx0rWQ=,9rwnJAVV0hU0l44MIAkI2Pw9gtA=
-4,13,Yi4+paQYPStvoRlVbcujnGx0rWQ=,9rwnJAVV0hU0l44MIAkI2Pw9gtA=
-14,6,Yi4+paQYPStvoRlVbcujnGx0rWQ=,9rwnJAVV0hU0l44MIAkI2Pw9gtA=
-2,12,h20SnSV5xcc8q41nxXimUspKit8=,9rwnJAVV0hU0l44MIAkI2Pw9gtA=
-3,12,h20SnSV5xcc8q41nxXimUspKit8=,9rwnJAVV0hU0l44MIAkI2Pw9gtA=
-4,12,h20SnSV5xcc8q41nxXimUspKit8=,9rwnJAVV0hU0l44MIAkI2Pw9gtA=
-3,8,h20SnSV5xcc8q41nxXimUspKit8=,9rwnJAVV0hU0l44MIAkI2Pw9gtA=
-10,7,h20SnSV5xcc8q41nxXimUspKit8=,9rwnJAVV0hU0l44MIAkI2Pw9gtA=
-13,4,h20SnSV5xcc8q41nxXimUspKit8=,9rwnJAVV0hU0l44MIAkI2Pw9gtA=
-15,6,h20SnSV5xcc8q41nxXimUspKit8=,9rwnJAVV0hU0l44MIAkI2Pw9gtA=
-15,4,h20SnSV5xcc8q41nxXimUspKit8=,9rwnJAVV0hU0l44MIAkI2Pw9gtA=
-15,5,h20SnSV5xcc8q41nxXimUspKit8=,9rwnJAVV0hU0l44MIAkI2Pw9gtA=
-14,5,h20SnSV5xcc8q41nxXimUspKit8=,9rwnJAVV0hU0l44MIAkI2Pw9gtA=
-14,4,h20SnSV5xcc8q41nxXimUspKit8=,9rwnJAVV0hU0l44MIAkI2Pw9gtA=
-16,3,h20SnSV5xcc8q41nxXimUspKit8=,9rwnJAVV0hU0l44MIAkI2Pw9gtA=
-16,7,h20SnSV5xcc8q41nxXimUspKit8=,9rwnJAVV0hU0l44MIAkI2Pw9gtA=
-14,7,h20SnSV5xcc8q41nxXimUspKit8=,9rwnJAVV0hU0l44MIAkI2Pw9gtA=
-13,7,h20SnSV5xcc8q41nxXimUspKit8=,9rwnJAVV0hU0l44MIAkI2Pw9gtA=
-12,0,h20SnSV5xcc8q41nxXimUspKit8=,9rwnJAVV0hU0l44MIAkI2Pw9gtA=
-7,1,h20SnSV5xcc8q41nxXimUspKit8=,9rwnJAVV0hU0l44MIAkI2Pw9gtA=
-15,7,h20SnSV5xcc8q41nxXimUspKit8=,9rwnJAVV0hU0l44MIAkI2Pw9gtA=
-4,8,h20SnSV5xcc8q41nxXimUspKit8=,9rwnJAVV0hU0l44MIAkI2Pw9gtA=
-13,0,h20SnSV5xcc8q41nxXimUspKit8=,9rwnJAVV0hU0l44MIAkI2Pw9gtA=
-3,10,h20SnSV5xcc8q41nxXimUspKit8=,9rwnJAVV0hU0l44MIAkI2Pw9gtA=
-4,1,h20SnSV5xcc8q41nxXimUspKit8=,9rwnJAVV0hU0l44MIAkI2Pw9gtA=
-5,2,h20SnSV5xcc8q41nxXimUspKit8=,9rwnJAVV0hU0l44MIAkI2Pw9gtA=
-6,1,h20SnSV5xcc8q41nxXimUspKit8=,9rwnJAVV0hU0l44MIAkI2Pw9gtA=
-14,0,h20SnSV5xcc8q41nxXimUspKit8=,9rwnJAVV0hU0l44MIAkI2Pw9gtA=
-1,5,h20SnSV5xcc8q41nxXimUspKit8=,9rwnJAVV0hU0l44MIAkI2Pw9gtA=
-7,2,h20SnSV5xcc8q41nxXimUspKit8=,9rwnJAVV0hU0l44MIAkI2Pw9gtA=
-2,11,h20SnSV5xcc8q41nxXimUspKit8=,9rwnJAVV0hU0l44MIAkI2Pw9gtA=
-6,2,h20SnSV5xcc8q41nxXimUspKit8=,9rwnJAVV0hU0l44MIAkI2Pw9gtA=
-2,0,h20SnSV5xcc8q41nxXimUspKit8=,9rwnJAVV0hU0l44MIAkI2Pw9gtA=
-2,10,h20SnSV5xcc8q41nxXimUspKit8=,9rwnJAVV0hU0l44MIAkI2Pw9gtA=
-3,5,h20SnSV5xcc8q41nxXimUspKit8=,9rwnJAVV0hU0l44MIAkI2Pw9gtA=
-4,11,h20SnSV5xcc8q41nxXimUspKit8=,9rwnJAVV0hU0l44MIAkI2Pw9gtA=
-6,3,h20SnSV5xcc8q41nxXimUspKit8=,9rwnJAVV0hU0l44MIAkI2Pw9gtA=
-5,3,h20SnSV5xcc8q41nxXimUspKit8=,9rwnJAVV0hU0l44MIAkI2Pw9gtA=
-5,1,h20SnSV5xcc8q41nxXimUspKit8=,9rwnJAVV0hU0l44MIAkI2Pw9gtA=
-5,7,h20SnSV5xcc8q41nxXimUspKit8=,9rwnJAVV0hU0l44MIAkI2Pw9gtA=
-7,3,h20SnSV5xcc8q41nxXimUspKit8=,9rwnJAVV0hU0l44MIAkI2Pw9gtA=
-3,1,h20SnSV5xcc8q41nxXimUspKit8=,9rwnJAVV0hU0l44MIAkI2Pw9gtA=
-3,11,h20SnSV5xcc8q41nxXimUspKit8=,9rwnJAVV0hU0l44MIAkI2Pw9gtA=
-16,1,h20SnSV5xcc8q41nxXimUspKit8=,9rwnJAVV0hU0l44MIAkI2Pw9gtA=
-11,3,h20SnSV5xcc8q41nxXimUspKit8=,9rwnJAVV0hU0l44MIAkI2Pw9gtA=
-15,2,h20SnSV5xcc8q41nxXimUspKit8=,9rwnJAVV0hU0l44MIAkI2Pw9gtA=
-12,3,h20SnSV5xcc8q41nxXimUspKit8=,9rwnJAVV0hU0l44MIAkI2Pw9gtA=
-15,3,h20SnSV5xcc8q41nxXimUspKit8=,9rwnJAVV0hU0l44MIAkI2Pw9gtA=
-13,3,h20SnSV5xcc8q41nxXimUspKit8=,9rwnJAVV0hU0l44MIAkI2Pw9gtA=
-2,5,h20SnSV5xcc8q41nxXimUspKit8=,9rwnJAVV0hU0l44MIAkI2Pw9gtA=
-13,1,h20SnSV5xcc8q41nxXimUspKit8=,9rwnJAVV0hU0l44MIAkI2Pw9gtA=
-14,3,h20SnSV5xcc8q41nxXimUspKit8=,9rwnJAVV0hU0l44MIAkI2Pw9gtA=
-8,0,h20SnSV5xcc8q41nxXimUspKit8=,9rwnJAVV0hU0l44MIAkI2Pw9gtA=
-6,0,h20SnSV5xcc8q41nxXimUspKit8=,9rwnJAVV0hU0l44MIAkI2Pw9gtA=
-5,0,h20SnSV5xcc8q41nxXimUspKit8=,9rwnJAVV0hU0l44MIAkI2Pw9gtA=
-7,0,h20SnSV5xcc8q41nxXimUspKit8=,9rwnJAVV0hU0l44MIAkI2Pw9gtA=
-13,2,h20SnSV5xcc8q41nxXimUspKit8=,9rwnJAVV0hU0l44MIAkI2Pw9gtA=
-14,2,h20SnSV5xcc8q41nxXimUspKit8=,9rwnJAVV0hU0l44MIAkI2Pw9gtA=
-15,1,h20SnSV5xcc8q41nxXimUspKit8=,9rwnJAVV0hU0l44MIAkI2Pw9gtA=
-12,1,h20SnSV5xcc8q41nxXimUspKit8=,9rwnJAVV0hU0l44MIAkI2Pw9gtA=
-14,1,h20SnSV5xcc8q41nxXimUspKit8=,9rwnJAVV0hU0l44MIAkI2Pw9gtA=
-9,1,h20SnSV5xcc8q41nxXimUspKit8=,9rwnJAVV0hU0l44MIAkI2Pw9gtA=
-9,2,h20SnSV5xcc8q41nxXimUspKit8=,9rwnJAVV0hU0l44MIAkI2Pw9gtA=
-11,2,h20SnSV5xcc8q41nxXimUspKit8=,9rwnJAVV0hU0l44MIAkI2Pw9gtA=
-10,1,h20SnSV5xcc8q41nxXimUspKit8=,9rwnJAVV0hU0l44MIAkI2Pw9gtA=
-12,2,h20SnSV5xcc8q41nxXimUspKit8=,9rwnJAVV0hU0l44MIAkI2Pw9gtA=
-8,2,h20SnSV5xcc8q41nxXimUspKit8=,9rwnJAVV0hU0l44MIAkI2Pw9gtA=
-10,2,h20SnSV5xcc8q41nxXimUspKit8=,9rwnJAVV0hU0l44MIAkI2Pw9gtA=
-8,1,h20SnSV5xcc8q41nxXimUspKit8=,9rwnJAVV0hU0l44MIAkI2Pw9gtA=
-8,3,h20SnSV5xcc8q41nxXimUspKit8=,9rwnJAVV0hU0l44MIAkI2Pw9gtA=
-11,1,h20SnSV5xcc8q41nxXimUspKit8=,9rwnJAVV0hU0l44MIAkI2Pw9gtA=
-10,3,h20SnSV5xcc8q41nxXimUspKit8=,9rwnJAVV0hU0l44MIAkI2Pw9gtA=
-9,3,h20SnSV5xcc8q41nxXimUspKit8=,9rwnJAVV0hU0l44MIAkI2Pw9gtA=
-6,7,h20SnSV5xcc8q41nxXimUspKit8=,9rwnJAVV0hU0l44MIAkI2Pw9gtA=
-7,7,h20SnSV5xcc8q41nxXimUspKit8=,9rwnJAVV0hU0l44MIAkI2Pw9gtA=
-11,4,h20SnSV5xcc8q41nxXimUspKit8=,9rwnJAVV0hU0l44MIAkI2Pw9gtA=
-8,6,h20SnSV5xcc8q41nxXimUspKit8=,9rwnJAVV0hU0l44MIAkI2Pw9gtA=
-11,6,h20SnSV5xcc8q41nxXimUspKit8=,9rwnJAVV0hU0l44MIAkI2Pw9gtA=
-8,5,h20SnSV5xcc8q41nxXimUspKit8=,9rwnJAVV0hU0l44MIAkI2Pw9gtA=
-8,4,h20SnSV5xcc8q41nxXimUspKit8=,9rwnJAVV0hU0l44MIAkI2Pw9gtA=
-12,4,h20SnSV5xcc8q41nxXimUspKit8=,9rwnJAVV0hU0l44MIAkI2Pw9gtA=
-9,6,h20SnSV5xcc8q41nxXimUspKit8=,9rwnJAVV0hU0l44MIAkI2Pw9gtA=
-10,6,h20SnSV5xcc8q41nxXimUspKit8=,9rwnJAVV0hU0l44MIAkI2Pw9gtA=
-11,5,h20SnSV5xcc8q41nxXimUspKit8=,9rwnJAVV0hU0l44MIAkI2Pw9gtA=
-9,4,h20SnSV5xcc8q41nxXimUspKit8=,9rwnJAVV0hU0l44MIAkI2Pw9gtA=
-12,5,h20SnSV5xcc8q41nxXimUspKit8=,9rwnJAVV0hU0l44MIAkI2Pw9gtA=
-12,6,h20SnSV5xcc8q41nxXimUspKit8=,9rwnJAVV0hU0l44MIAkI2Pw9gtA=
-9,5,h20SnSV5xcc8q41nxXimUspKit8=,9rwnJAVV0hU0l44MIAkI2Pw9gtA=
-13,8,h20SnSV5xcc8q41nxXimUspKit8=,9rwnJAVV0hU0l44MIAkI2Pw9gtA=
-10,5,h20SnSV5xcc8q41nxXimUspKit8=,9rwnJAVV0hU0l44MIAkI2Pw9gtA=
-10,4,h20SnSV5xcc8q41nxXimUspKit8=,9rwnJAVV0hU0l44MIAkI2Pw9gtA=
-6,6,h20SnSV5xcc8q41nxXimUspKit8=,9rwnJAVV0hU0l44MIAkI2Pw9gtA=
-5,4,h20SnSV5xcc8q41nxXimUspKit8=,9rwnJAVV0hU0l44MIAkI2Pw9gtA=
-12,8,h20SnSV5xcc8q41nxXimUspKit8=,9rwnJAVV0hU0l44MIAkI2Pw9gtA=
-6,5,h20SnSV5xcc8q41nxXimUspKit8=,9rwnJAVV0hU0l44MIAkI2Pw9gtA=
-8,8,h20SnSV5xcc8q41nxXimUspKit8=,9rwnJAVV0hU0l44MIAkI2Pw9gtA=
-5,6,h20SnSV5xcc8q41nxXimUspKit8=,9rwnJAVV0hU0l44MIAkI2Pw9gtA=
-11,8,h20SnSV5xcc8q41nxXimUspKit8=,9rwnJAVV0hU0l44MIAkI2Pw9gtA=
-7,6,h20SnSV5xcc8q41nxXimUspKit8=,9rwnJAVV0hU0l44MIAkI2Pw9gtA=
-6,4,h20SnSV5xcc8q41nxXimUspKit8=,9rwnJAVV0hU0l44MIAkI2Pw9gtA=
-5,5,h20SnSV5xcc8q41nxXimUspKit8=,9rwnJAVV0hU0l44MIAkI2Pw9gtA=
-7,4,h20SnSV5xcc8q41nxXimUspKit8=,9rwnJAVV0hU0l44MIAkI2Pw9gtA=
-4,0,h20SnSV5xcc8q41nxXimUspKit8=,9rwnJAVV0hU0l44MIAkI2Pw9gtA=
-7,5,h20SnSV5xcc8q41nxXimUspKit8=,9rwnJAVV0hU0l44MIAkI2Pw9gtA=
-9,14,h20SnSV5xcc8q41nxXimUspKit8=,9rwnJAVV0hU0l44MIAkI2Pw9gtA=
-4,3,h20SnSV5xcc8q41nxXimUspKit8=,9rwnJAVV0hU0l44MIAkI2Pw9gtA=
-7,10,h20SnSV5xcc8q41nxXimUspKit8=,9rwnJAVV0hU0l44MIAkI2Pw9gtA=
-7,12,h20SnSV5xcc8q41nxXimUspKit8=,9rwnJAVV0hU0l44MIAkI2Pw9gtA=
-2,3,h20SnSV5xcc8q41nxXimUspKit8=,9rwnJAVV0hU0l44MIAkI2Pw9gtA=
-7,11,h20SnSV5xcc8q41nxXimUspKit8=,9rwnJAVV0hU0l44MIAkI2Pw9gtA=
-2,2,h20SnSV5xcc8q41nxXimUspKit8=,9rwnJAVV0hU0l44MIAkI2Pw9gtA=
-5,11,h20SnSV5xcc8q41nxXimUspKit8=,9rwnJAVV0hU0l44MIAkI2Pw9gtA=
-1,2,h20SnSV5xcc8q41nxXimUspKit8=,9rwnJAVV0hU0l44MIAkI2Pw9gtA=
-4,2,h20SnSV5xcc8q41nxXimUspKit8=,9rwnJAVV0hU0l44MIAkI2Pw9gtA=
-3,0,h20SnSV5xcc8q41nxXimUspKit8=,9rwnJAVV0hU0l44MIAkI2Pw9gtA=
-5,10,h20SnSV5xcc8q41nxXimUspKit8=,9rwnJAVV0hU0l44MIAkI2Pw9gtA=
-6,11,h20SnSV5xcc8q41nxXimUspKit8=,9rwnJAVV0hU0l44MIAkI2Pw9gtA=
-1,3,h20SnSV5xcc8q41nxXimUspKit8=,9rwnJAVV0hU0l44MIAkI2Pw9gtA=
-6,10,h20SnSV5xcc8q41nxXimUspKit8=,9rwnJAVV0hU0l44MIAkI2Pw9gtA=
-2,1,h20SnSV5xcc8q41nxXimUspKit8=,9rwnJAVV0hU0l44MIAkI2Pw9gtA=
-6,12,h20SnSV5xcc8q41nxXimUspKit8=,9rwnJAVV0hU0l44MIAkI2Pw9gtA=
-10,14,h20SnSV5xcc8q41nxXimUspKit8=,9rwnJAVV0hU0l44MIAkI2Pw9gtA=
-3,3,h20SnSV5xcc8q41nxXimUspKit8=,9rwnJAVV0hU0l44MIAkI2Pw9gtA=
-5,12,h20SnSV5xcc8q41nxXimUspKit8=,9rwnJAVV0hU0l44MIAkI2Pw9gtA=
-3,2,h20SnSV5xcc8q41nxXimUspKit8=,9rwnJAVV0hU0l44MIAkI2Pw9gtA=
-1,1,h20SnSV5xcc8q41nxXimUspKit8=,9rwnJAVV0hU0l44MIAkI2Pw9gtA=
-7,14,h20SnSV5xcc8q41nxXimUspKit8=,9rwnJAVV0hU0l44MIAkI2Pw9gtA=
-7,13,h20SnSV5xcc8q41nxXimUspKit8=,9rwnJAVV0hU0l44MIAkI2Pw9gtA=
-5,13,h20SnSV5xcc8q41nxXimUspKit8=,9rwnJAVV0hU0l44MIAkI2Pw9gtA=
-7,8,h20SnSV5xcc8q41nxXimUspKit8=,9rwnJAVV0hU0l44MIAkI2Pw9gtA=
-5,14,h20SnSV5xcc8q41nxXimUspKit8=,9rwnJAVV0hU0l44MIAkI2Pw9gtA=
-6,13,h20SnSV5xcc8q41nxXimUspKit8=,9rwnJAVV0hU0l44MIAkI2Pw9gtA=
-6,8,h20SnSV5xcc8q41nxXimUspKit8=,9rwnJAVV0hU0l44MIAkI2Pw9gtA=
-6,14,h20SnSV5xcc8q41nxXimUspKit8=,9rwnJAVV0hU0l44MIAkI2Pw9gtA=
-11,14,h20SnSV5xcc8q41nxXimUspKit8=,9rwnJAVV0hU0l44MIAkI2Pw9gtA=
-7,9,h20SnSV5xcc8q41nxXimUspKit8=,9rwnJAVV0hU0l44MIAkI2Pw9gtA=
-5,8,h20SnSV5xcc8q41nxXimUspKit8=,9rwnJAVV0hU0l44MIAkI2Pw9gtA=
-13,9,h20SnSV5xcc8q41nxXimUspKit8=,9rwnJAVV0hU0l44MIAkI2Pw9gtA=
-14,9,h20SnSV5xcc8q41nxXimUspKit8=,9rwnJAVV0hU0l44MIAkI2Pw9gtA=
-5,9,h20SnSV5xcc8q41nxXimUspKit8=,9rwnJAVV0hU0l44MIAkI2Pw9gtA=
-7,15,h20SnSV5xcc8q41nxXimUspKit8=,9rwnJAVV0hU0l44MIAkI2Pw9gtA=
-15,9,h20SnSV5xcc8q41nxXimUspKit8=,9rwnJAVV0hU0l44MIAkI2Pw9gtA=
-6,15,h20SnSV5xcc8q41nxXimUspKit8=,9rwnJAVV0hU0l44MIAkI2Pw9gtA=
-6,9,h20SnSV5xcc8q41nxXimUspKit8=,9rwnJAVV0hU0l44MIAkI2Pw9gtA=
-12,9,h20SnSV5xcc8q41nxXimUspKit8=,9rwnJAVV0hU0l44MIAkI2Pw9gtA=
-8,10,h20SnSV5xcc8q41nxXimUspKit8=,9rwnJAVV0hU0l44MIAkI2Pw9gtA=
-5,15,h20SnSV5xcc8q41nxXimUspKit8=,9rwnJAVV0hU0l44MIAkI2Pw9gtA=
-11,9,h20SnSV5xcc8q41nxXimUspKit8=,9rwnJAVV0hU0l44MIAkI2Pw9gtA=
-10,9,h20SnSV5xcc8q41nxXimUspKit8=,9rwnJAVV0hU0l44MIAkI2Pw9gtA=
-13,10,h20SnSV5xcc8q41nxXimUspKit8=,9rwnJAVV0hU0l44MIAkI2Pw9gtA=
-14,10,h20SnSV5xcc8q41nxXimUspKit8=,9rwnJAVV0hU0l44MIAkI2Pw9gtA=
-10,8,h20SnSV5xcc8q41nxXimUspKit8=,9rwnJAVV0hU0l44MIAkI2Pw9gtA=
-9,9,h20SnSV5xcc8q41nxXimUspKit8=,9rwnJAVV0hU0l44MIAkI2Pw9gtA=
-15,10,h20SnSV5xcc8q41nxXimUspKit8=,9rwnJAVV0hU0l44MIAkI2Pw9gtA=
-8,11,h20SnSV5xcc8q41nxXimUspKit8=,9rwnJAVV0hU0l44MIAkI2Pw9gtA=
-8,12,h20SnSV5xcc8q41nxXimUspKit8=,9rwnJAVV0hU0l44MIAkI2Pw9gtA=
-12,10,h20SnSV5xcc8q41nxXimUspKit8=,9rwnJAVV0hU0l44MIAkI2Pw9gtA=
-13,11,h20SnSV5xcc8q41nxXimUspKit8=,9rwnJAVV0hU0l44MIAkI2Pw9gtA=
-10,10,h20SnSV5xcc8q41nxXimUspKit8=,9rwnJAVV0hU0l44MIAkI2Pw9gtA=
-11,10,h20SnSV5xcc8q41nxXimUspKit8=,9rwnJAVV0hU0l44MIAkI2Pw9gtA=
-15,11,h20SnSV5xcc8q41nxXimUspKit8=,9rwnJAVV0hU0l44MIAkI2Pw9gtA=
-14,11,h20SnSV5xcc8q41nxXimUspKit8=,9rwnJAVV0hU0l44MIAkI2Pw9gtA=
-9,10,h20SnSV5xcc8q41nxXimUspKit8=,9rwnJAVV0hU0l44MIAkI2Pw9gtA=
-12,11,h20SnSV5xcc8q41nxXimUspKit8=,9rwnJAVV0hU0l44MIAkI2Pw9gtA=
-9,8,h20SnSV5xcc8q41nxXimUspKit8=,9rwnJAVV0hU0l44MIAkI2Pw9gtA=
-8,13,h20SnSV5xcc8q41nxXimUspKit8=,9rwnJAVV0hU0l44MIAkI2Pw9gtA=
-15,8,h20SnSV5xcc8q41nxXimUspKit8=,9rwnJAVV0hU0l44MIAkI2Pw9gtA=
-10,11,h20SnSV5xcc8q41nxXimUspKit8=,9rwnJAVV0hU0l44MIAkI2Pw9gtA=
-9,11,h20SnSV5xcc8q41nxXimUspKit8=,9rwnJAVV0hU0l44MIAkI2Pw9gtA=
-13,12,h20SnSV5xcc8q41nxXimUspKit8=,9rwnJAVV0hU0l44MIAkI2Pw9gtA=
-11,11,h20SnSV5xcc8q41nxXimUspKit8=,9rwnJAVV0hU0l44MIAkI2Pw9gtA=
-15,12,h20SnSV5xcc8q41nxXimUspKit8=,9rwnJAVV0hU0l44MIAkI2Pw9gtA=
-14,12,h20SnSV5xcc8q41nxXimUspKit8=,9rwnJAVV0hU0l44MIAkI2Pw9gtA=
-9,12,h20SnSV5xcc8q41nxXimUspKit8=,9rwnJAVV0hU0l44MIAkI2Pw9gtA=
-12,12,h20SnSV5xcc8q41nxXimUspKit8=,9rwnJAVV0hU0l44MIAkI2Pw9gtA=
-15,13,h20SnSV5xcc8q41nxXimUspKit8=,9rwnJAVV0hU0l44MIAkI2Pw9gtA=
-13,13,h20SnSV5xcc8q41nxXimUspKit8=,9rwnJAVV0hU0l44MIAkI2Pw9gtA=
-14,13,h20SnSV5xcc8q41nxXimUspKit8=,9rwnJAVV0hU0l44MIAkI2Pw9gtA=
-10,12,h20SnSV5xcc8q41nxXimUspKit8=,9rwnJAVV0hU0l44MIAkI2Pw9gtA=
-8,9,h20SnSV5xcc8q41nxXimUspKit8=,9rwnJAVV0hU0l44MIAkI2Pw9gtA=
-11,12,h20SnSV5xcc8q41nxXimUspKit8=,9rwnJAVV0hU0l44MIAkI2Pw9gtA=
-8,14,h20SnSV5xcc8q41nxXimUspKit8=,9rwnJAVV0hU0l44MIAkI2Pw9gtA=
-12,13,h20SnSV5xcc8q41nxXimUspKit8=,9rwnJAVV0hU0l44MIAkI2Pw9gtA=
-14,8,h20SnSV5xcc8q41nxXimUspKit8=,9rwnJAVV0hU0l44MIAkI2Pw9gtA=
-15,14,h20SnSV5xcc8q41nxXimUspKit8=,9rwnJAVV0hU0l44MIAkI2Pw9gtA=
-13,14,h20SnSV5xcc8q41nxXimUspKit8=,9rwnJAVV0hU0l44MIAkI2Pw9gtA=
-16,8,h20SnSV5xcc8q41nxXimUspKit8=,9rwnJAVV0hU0l44MIAkI2Pw9gtA=
-16,10,h20SnSV5xcc8q41nxXimUspKit8=,9rwnJAVV0hU0l44MIAkI2Pw9gtA=
-14,14,h20SnSV5xcc8q41nxXimUspKit8=,9rwnJAVV0hU0l44MIAkI2Pw9gtA=
-11,13,h20SnSV5xcc8q41nxXimUspKit8=,9rwnJAVV0hU0l44MIAkI2Pw9gtA=
-10,13,h20SnSV5xcc8q41nxXimUspKit8=,9rwnJAVV0hU0l44MIAkI2Pw9gtA=
-16,9,h20SnSV5xcc8q41nxXimUspKit8=,9rwnJAVV0hU0l44MIAkI2Pw9gtA=
-16,13,h20SnSV5xcc8q41nxXimUspKit8=,9rwnJAVV0hU0l44MIAkI2Pw9gtA=
-16,11,h20SnSV5xcc8q41nxXimUspKit8=,9rwnJAVV0hU0l44MIAkI2Pw9gtA=
-9,13,h20SnSV5xcc8q41nxXimUspKit8=,9rwnJAVV0hU0l44MIAkI2Pw9gtA=
-16,12,h20SnSV5xcc8q41nxXimUspKit8=,9rwnJAVV0hU0l44MIAkI2Pw9gtA=
-15,15,h20SnSV5xcc8q41nxXimUspKit8=,9rwnJAVV0hU0l44MIAkI2Pw9gtA=
-16,15,h20SnSV5xcc8q41nxXimUspKit8=,9rwnJAVV0hU0l44MIAkI2Pw9gtA=
-14,15,h20SnSV5xcc8q41nxXimUspKit8=,9rwnJAVV0hU0l44MIAkI2Pw9gtA=
-16,14,h20SnSV5xcc8q41nxXimUspKit8=,9rwnJAVV0hU0l44MIAkI2Pw9gtA=
-12,14,h20SnSV5xcc8q41nxXimUspKit8=,9rwnJAVV0hU0l44MIAkI2Pw9gtA=
-13,15,h20SnSV5xcc8q41nxXimUspKit8=,9rwnJAVV0hU0l44MIAkI2Pw9gtA=
-8,15,h20SnSV5xcc8q41nxXimUspKit8=,9rwnJAVV0hU0l44MIAkI2Pw9gtA=
-9,15,h20SnSV5xcc8q41nxXimUspKit8=,9rwnJAVV0hU0l44MIAkI2Pw9gtA=
-12,15,h20SnSV5xcc8q41nxXimUspKit8=,9rwnJAVV0hU0l44MIAkI2Pw9gtA=
-10,15,h20SnSV5xcc8q41nxXimUspKit8=,9rwnJAVV0hU0l44MIAkI2Pw9gtA=
-11,15,h20SnSV5xcc8q41nxXimUspKit8=,9rwnJAVV0hU0l44MIAkI2Pw9gtA=
