4,6,gyEy3nbANp/ro+0KU3PnR798ytE=,h2fz1A0qPtW+hGK+WYxSz0NYbgo=
8,7,a253Jm4mXwL5/Gt8JpjJtgquwzk=,qipiUJlO6MqphUbGCox+l3BgvS4=
7,8,gyEy3nbANp/ro+0KU3PnR798ytE=,S2Dlp83YYnzPXLw7OgjloNRYtw4=
12,11,hSJBFhiovJS2aVxDdjkDq8NZDGQ=,qipiUJlO6MqphUbGCox+l3BgvS4=
15,6,hSJBFhiovJS2aVxDdjkDq8NZDGQ=,qipiUJlO6MqphUbGCox+l3BgvS4=
15,10,a253Jm4mXwL5/Gt8JpjJtgquwzk=,qipiUJlO6MqphUbGCox+l3BgvS4=
12,5,hSJBFhiovJS2aVxDdjkDq8NZDGQ=,qipiUJlO6MqphUbGCox+l3BgvS4=
12,4,hSJBFhiovJS2aVxDdjkDq8NZDGQ=,qipiUJlO6MqphUbGCox+l3BgvS4=
15,4,hSJBFhiovJS2aVxDdjkDq8NZDGQ=,qipiUJlO6MqphUbGCox+l3BgvS4=
15,7,hSJBFhiovJS2aVxDdjkDq8NZDGQ=,qipiUJlO6MqphUbGCox+l3BgvS4=
15,12,a253Jm4mXwL5/Gt8JpjJtgquwzk=,qipiUJlO6MqphUbGCox+l3BgvS4=
12,9,hSJBFhiovJS2aVxDdjkDq8NZDGQ=,qipiUJlO6MqphUbGCox+l3BgvS4=
13,5,hSJBFhiovJS2aVxDdjkDq8NZDGQ=,qipiUJlO6MqphUbGCox+l3BgvS4=
13,11,a253Jm4mXwL5/Gt8JpjJtgquwzk=,qipiUJlO6MqphUbGCox+l3BgvS4=
8,15,gyEy3nbANp/ro+0KU3PnR798ytE=,qipiUJlO6MqphUbGCox+l3BgvS4=
13,4,a253Jm4mXwL5/Gt8JpjJtgquwzk=,qipiUJlO6MqphUbGCox+l3BgvS4=
12,10,a253Jm4mXwL5/Gt8JpjJtgquwzk=,qipiUJlO6MqphUbGCox+l3BgvS4=
11,15,gyEy3nbANp/ro+0KU3PnR798ytE=,qipiUJlO6MqphUbGCox+l3BgvS4=
15,5,hSJBFhiovJS2aVxDdjkDq8NZDGQ=,qipiUJlO6MqphUbGCox+l3BgvS4=
14,9,a253Jm4mXwL5/Gt8JpjJtgquwzk=,qipiUJlO6MqphUbGCox+l3BgvS4=
13,9,hSJBFhiovJS2aVxDdjkDq8NZDGQ=,qipiUJlO6MqphUbGCox+l3BgvS4=
14,5,hSJBFhiovJS2aVxDdjkDq8NZDGQ=,qipiUJlO6MqphUbGCox+l3BgvS4=
6,8,gyEy3nbANp/ro+0KU3PnR798ytE=,S2Dlp83YYnzPXLw7OgjloNRYtw4=
15,14,a253Jm4mXwL5/Gt8JpjJtgquwzk=,qipiUJlO6MqphUbGCox+l3BgvS4=
15,11,a253Jm4mXwL5/Gt8JpjJtgquwzk=,qipiUJlO6MqphUbGCox+l3BgvS4=
7,15,gyEy3nbANp/ro+0KU3PnR798ytE=,S2Dlp83YYnzPXLw7OgjloNRYtw4=
14,11,a253Jm4mXwL5/Gt8JpjJtgquwzk=,qipiUJlO6MqphUbGCox+l3BgvS4=
5,8,gyEy3nbANp/ro+0KU3PnR798ytE=,S2Dlp83YYnzPXLw7OgjloNRYtw4=
10,15,gyEy3nbANp/ro+0KU3PnR798ytE=,qipiUJlO6MqphUbGCox+l3BgvS4=
14,7,hSJBFhiovJS2aVxDdjkDq8NZDGQ=,qipiUJlO6MqphUbGCox+l3BgvS4=
15,13,a253Jm4mXwL5/Gt8JpjJtgquwzk=,qipiUJlO6MqphUbGCox+l3BgvS4=
15,9,a253Jm4mXwL5/Gt8JpjJtgquwzk=,qipiUJlO6MqphUbGCox+l3BgvS4=
12,6,hSJBFhiovJS2aVxDdjkDq8NZDGQ=,qipiUJlO6MqphUbGCox+l3BgvS4=
9,15,gyEy3nbANp/ro+0KU3PnR798ytE=,qipiUJlO6MqphUbGCox+l3BgvS4=
8,5,a253Jm4mXwL5/Gt8JpjJtgquwzk=,qipiUJlO6MqphUbGCox+l3BgvS4=
14,15,a253Jm4mXwL5/Gt8JpjJtgquwzk=,qipiUJlO6MqphUbGCox+l3BgvS4=
15,15,hSJBFhiovJS2aVxDdjkDq8NZDGQ=,qipiUJlO6MqphUbGCox+l3BgvS4=
15,8,a253Jm4mXwL5/Gt8JpjJtgquwzk=,qipiUJlO6MqphUbGCox+l3BgvS4=
13,7,hSJBFhiovJS2aVxDdjkDq8NZDGQ=,qipiUJlO6MqphUbGCox+l3BgvS4=
7,13,gyEy3nbANp/ro+0KU3PnR798ytE=,S2Dlp83YYnzPXLw7OgjloNRYtw4=
4,8,gyEy3nbANp/ro+0KU3PnR798ytE=,S2Dlp83YYnzPXLw7OgjloNRYtw4=
0,7,hSJBFhiovJS2aVxDdjkDq8NZDGQ=,h2fz1A0qPtW+hGK+WYxSz0NYbgo=
12,8,hSJBFhiovJS2aVxDdjkDq8NZDGQ=,qipiUJlO6MqphUbGCox+l3BgvS4=
14,10,a253Jm4mXwL5/Gt8JpjJtgquwzk=,qipiUJlO6MqphUbGCox+l3BgvS4=
13,8,hSJBFhiovJS2aVxDdjkDq8NZDGQ=,qipiUJlO6MqphUbGCox+l3BgvS4=
14,8,hSJBFhiovJS2aVxDdjkDq8NZDGQ=,qipiUJlO6MqphUbGCox+l3BgvS4=
13,15,a253Jm4mXwL5/Gt8JpjJtgquwzk=,qipiUJlO6MqphUbGCox+l3BgvS4=
13,10,a253Jm4mXwL5/Gt8JpjJtgquwzk=,qipiUJlO6MqphUbGCox+l3BgvS4=
2,4,a253Jm4mXwL5/Gt8JpjJtgquwzk=,h2fz1A0qPtW+hGK+WYxSz0NYbgo=
12,7,a253Jm4mXwL5/Gt8JpjJtgquwzk=,qipiUJlO6MqphUbGCox+l3BgvS4=
14,4,a253Jm4mXwL5/Gt8JpjJtgquwzk=,qipiUJlO6MqphUbGCox+l3BgvS4=
11,13,gyEy3nbANp/ro+0KU3PnR798ytE=,qipiUJlO6MqphUbGCox+l3BgvS4=
12,15,a253Jm4mXwL5/Gt8JpjJtgquwzk=,qipiUJlO6MqphUbGCox+l3BgvS4=
1,4,a253Jm4mXwL5/Gt8JpjJtgquwzk=,h2fz1A0qPtW+hGK+WYxSz0NYbgo=
12,13,hSJBFhiovJS2aVxDdjkDq8NZDGQ=,qipiUJlO6MqphUbGCox+l3BgvS4=
7,5,a253Jm4mXwL5/Gt8JpjJtgquwzk=,h2fz1A0qPtW+hGK+WYxSz0NYbgo=
3,10,gyEy3nbANp/ro+0KU3PnR798ytE=,S2Dlp83YYnzPXLw7OgjloNRYtw4=
3,4,a253Jm4mXwL5/Gt8JpjJtgquwzk=,h2fz1A0qPtW+hGK+WYxSz0NYbgo=
13,13,hSJBFhiovJS2aVxDdjkDq8NZDGQ=,qipiUJlO6MqphUbGCox+l3BgvS4=
0,6,a253Jm4mXwL5/Gt8JpjJtgquwzk=,h2fz1A0qPtW+hGK+WYxSz0NYbgo=
10,13,gyEy3nbANp/ro+0KU3PnR798ytE=,qipiUJlO6MqphUbGCox+l3BgvS4=
2,10,gyEy3nbANp/ro+0KU3PnR798ytE=,S2Dlp83YYnzPXLw7OgjloNRYtw4=
0,10,gyEy3nbANp/ro+0KU3PnR798ytE=,S2Dlp83YYnzPXLw7OgjloNRYtw4=
14,6,a253Jm4mXwL5/Gt8JpjJtgquwzk=,qipiUJlO6MqphUbGCox+l3BgvS4=
14,14,a253Jm4mXwL5/Gt8JpjJtgquwzk=,qipiUJlO6MqphUbGCox+l3BgvS4=
0,4,a253Jm4mXwL5/Gt8JpjJtgquwzk=,h2fz1A0qPtW+hGK+WYxSz0NYbgo=
9,13,gyEy3nbANp/ro+0KU3PnR798ytE=,qipiUJlO6MqphUbGCox+l3BgvS4=
0,8,gyEy3nbANp/ro+0KU3PnR798ytE=,S2Dlp83YYnzPXLw7OgjloNRYtw4=
0,5,hSJBFhiovJS2aVxDdjkDq8NZDGQ=,h2fz1A0qPtW+hGK+WYxSz0NYbgo=
14,12,a253Jm4mXwL5/Gt8JpjJtgquwzk=,qipiUJlO6MqphUbGCox+l3BgvS4=
13,6,a253Jm4mXwL5/Gt8JpjJtgquwzk=,qipiUJlO6MqphUbGCox+l3BgvS4=
8,13,gyEy3nbANp/ro+0KU3PnR798ytE=,qipiUJlO6MqphUbGCox+l3BgvS4=
0,9,gyEy3nbANp/ro+0KU3PnR798ytE=,S2Dlp83YYnzPXLw7OgjloNRYtw4=
1,11,gyEy3nbANp/ro+0KU3PnR798ytE=,S2Dlp83YYnzPXLw7OgjloNRYtw4=
13,14,a253Jm4mXwL5/Gt8JpjJtgquwzk=,qipiUJlO6MqphUbGCox+l3BgvS4=
11,12,gyEy3nbANp/ro+0KU3PnR798ytE=,qipiUJlO6MqphUbGCox+l3BgvS4=
14,13,hSJBFhiovJS2aVxDdjkDq8NZDGQ=,qipiUJlO6MqphUbGCox+l3BgvS4=
13,12,a253Jm4mXwL5/Gt8JpjJtgquwzk=,qipiUJlO6MqphUbGCox+l3BgvS4=
0,11,gyEy3nbANp/ro+0KU3PnR798ytE=,S2Dlp83YYnzPXLw7OgjloNRYtw4=
0,13,gyEy3nbANp/ro+0KU3PnR798ytE=,S2Dlp83YYnzPXLw7OgjloNRYtw4=
10,12,gyEy3nbANp/ro+0KU3PnR798ytE=,qipiUJlO6MqphUbGCox+l3BgvS4=
1,6,a253Jm4mXwL5/Gt8JpjJtgquwzk=,h2fz1A0qPtW+hGK+WYxSz0NYbgo=
12,12,a253Jm4mXwL5/Gt8JpjJtgquwzk=,qipiUJlO6MqphUbGCox+l3BgvS4=
7,0,gyEy3nbANp/ro+0KU3PnR798ytE=,h2fz1A0qPtW+hGK+WYxSz0NYbgo=
5,3,a253Jm4mXwL5/Gt8JpjJtgquwzk=,h2fz1A0qPtW+hGK+WYxSz0NYbgo=
9,12,gyEy3nbANp/ro+0KU3PnR798ytE=,qipiUJlO6MqphUbGCox+l3BgvS4=
15,0,a253Jm4mXwL5/Gt8JpjJtgquwzk=,qipiUJlO6MqphUbGCox+l3BgvS4=
0,12,gyEy3nbANp/ro+0KU3PnR798ytE=,S2Dlp83YYnzPXLw7OgjloNRYtw4=
1,5,a253Jm4mXwL5/Gt8JpjJtgquwzk=,h2fz1A0qPtW+hGK+WYxSz0NYbgo=
1,9,gyEy3nbANp/ro+0KU3PnR798ytE=,S2Dlp83YYnzPXLw7OgjloNRYtw4=
6,4,gyEy3nbANp/ro+0KU3PnR798ytE=,h2fz1A0qPtW+hGK+WYxSz0NYbgo=
0,15,gyEy3nbANp/ro+0KU3PnR798ytE=,S2Dlp83YYnzPXLw7OgjloNRYtw4=
12,14,a253Jm4mXwL5/Gt8JpjJtgquwzk=,qipiUJlO6MqphUbGCox+l3BgvS4=
6,15,gyEy3nbANp/ro+0KU3PnR798ytE=,S2Dlp83YYnzPXLw7OgjloNRYtw4=
12,2,gyEy3nbANp/ro+0KU3PnR798ytE=,qipiUJlO6MqphUbGCox+l3BgvS4=
3,0,a253Jm4mXwL5/Gt8JpjJtgquwzk=,h2fz1A0qPtW+hGK+WYxSz0NYbgo=
0,14,gyEy3nbANp/ro+0KU3PnR798ytE=,S2Dlp83YYnzPXLw7OgjloNRYtw4=
11,14,gyEy3nbANp/ro+0KU3PnR798ytE=,qipiUJlO6MqphUbGCox+l3BgvS4=
8,8,gyEy3nbANp/ro+0KU3PnR798ytE=,qipiUJlO6MqphUbGCox+l3BgvS4=
13,2,gyEy3nbANp/ro+0KU3PnR798ytE=,qipiUJlO6MqphUbGCox+l3BgvS4=
6,1,a253Jm4mXwL5/Gt8JpjJtgquwzk=,h2fz1A0qPtW+hGK+WYxSz0NYbgo=
2,11,gyEy3nbANp/ro+0KU3PnR798ytE=,S2Dlp83YYnzPXLw7OgjloNRYtw4=
5,15,gyEy3nbANp/ro+0KU3PnR798ytE=,S2Dlp83YYnzPXLw7OgjloNRYtw4=
0,0,a253Jm4mXwL5/Gt8JpjJtgquwzk=,h2fz1A0qPtW+hGK+WYxSz0NYbgo=
1,15,gyEy3nbANp/ro+0KU3PnR798ytE=,S2Dlp83YYnzPXLw7OgjloNRYtw4=
14,0,a253Jm4mXwL5/Gt8JpjJtgquwzk=,qipiUJlO6MqphUbGCox+l3BgvS4=
8,12,gyEy3nbANp/ro+0KU3PnR798ytE=,qipiUJlO6MqphUbGCox+l3BgvS4=
1,0,a253Jm4mXwL5/Gt8JpjJtgquwzk=,h2fz1A0qPtW+hGK+WYxSz0NYbgo=
14,2,gyEy3nbANp/ro+0KU3PnR798ytE=,qipiUJlO6MqphUbGCox+l3BgvS4=
5,6,gyEy3nbANp/ro+0KU3PnR798ytE=,h2fz1A0qPtW+hGK+WYxSz0NYbgo=
2,15,gyEy3nbANp/ro+0KU3PnR798ytE=,S2Dlp83YYnzPXLw7OgjloNRYtw4=
3,2,a253Jm4mXwL5/Gt8JpjJtgquwzk=,h2fz1A0qPtW+hGK+WYxSz0NYbgo=
2,9,gyEy3nbANp/ro+0KU3PnR798ytE=,S2Dlp83YYnzPXLw7OgjloNRYtw4=
7,14,gyEy3nbANp/ro+0KU3PnR798ytE=,S2Dlp83YYnzPXLw7OgjloNRYtw4=
2,0,a253Jm4mXwL5/Gt8JpjJtgquwzk=,h2fz1A0qPtW+hGK+WYxSz0NYbgo=
2,5,a253Jm4mXwL5/Gt8JpjJtgquwzk=,h2fz1A0qPtW+hGK+WYxSz0NYbgo=
3,11,gyEy3nbANp/ro+0KU3PnR798ytE=,S2Dlp83YYnzPXLw7OgjloNRYtw4=
2,2,a253Jm4mXwL5/Gt8JpjJtgquwzk=,h2fz1A0qPtW+hGK+WYxSz0NYbgo=
3,15,gyEy3nbANp/ro+0KU3PnR798ytE=,S2Dlp83YYnzPXLw7OgjloNRYtw4=
4,15,gyEy3nbANp/ro+0KU3PnR798ytE=,S2Dlp83YYnzPXLw7OgjloNRYtw4=
1,3,a253Jm4mXwL5/Gt8JpjJtgquwzk=,h2fz1A0qPtW+hGK+WYxSz0NYbgo=
3,9,gyEy3nbANp/ro+0KU3PnR798ytE=,S2Dlp83YYnzPXLw7OgjloNRYtw4=
1,10,gyEy3nbANp/ro+0KU3PnR798ytE=,S2Dlp83YYnzPXLw7OgjloNRYtw4=
9,3,gyEy3nbANp/ro+0KU3PnR798ytE=,qipiUJlO6MqphUbGCox+l3BgvS4=
1,7,a253Jm4mXwL5/Gt8JpjJtgquwzk=,h2fz1A0qPtW+hGK+WYxSz0NYbgo=
10,3,a253Jm4mXwL5/Gt8JpjJtgquwzk=,qipiUJlO6MqphUbGCox+l3BgvS4=
13,0,a253Jm4mXwL5/Gt8JpjJtgquwzk=,qipiUJlO6MqphUbGCox+l3BgvS4=
9,1,gyEy3nbANp/ro+0KU3PnR798ytE=,qipiUJlO6MqphUbGCox+l3BgvS4=
3,7,a253Jm4mXwL5/Gt8JpjJtgquwzk=,h2fz1A0qPtW+hGK+WYxSz0NYbgo=
7,12,gyEy3nbANp/ro+0KU3PnR798ytE=,S2Dlp83YYnzPXLw7OgjloNRYtw4=
11,3,a253Jm4mXwL5/Gt8JpjJtgquwzk=,qipiUJlO6MqphUbGCox+l3BgvS4=
4,10,gyEy3nbANp/ro+0KU3PnR798ytE=,S2Dlp83YYnzPXLw7OgjloNRYtw4=
3,12,gyEy3nbANp/ro+0KU3PnR798ytE=,S2Dlp83YYnzPXLw7OgjloNRYtw4=
3,5,a253Jm4mXwL5/Gt8JpjJtgquwzk=,h2fz1A0qPtW+hGK+WYxSz0NYbgo=
11,1,gyEy3nbANp/ro+0KU3PnR798ytE=,qipiUJlO6MqphUbGCox+l3BgvS4=
10,1,gyEy3nbANp/ro+0KU3PnR798ytE=,qipiUJlO6MqphUbGCox+l3BgvS4=
4,2,a253Jm4mXwL5/Gt8JpjJtgquwzk=,h2fz1A0qPtW+hGK+WYxSz0NYbgo=
7,7,hSJBFhiovJS2aVxDdjkDq8NZDGQ=,h2fz1A0qPtW+hGK+WYxSz0NYbgo=
2,7,a253Jm4mXwL5/Gt8JpjJtgquwzk=,h2fz1A0qPtW+hGK+WYxSz0NYbgo=
6,7,hSJBFhiovJS2aVxDdjkDq8NZDGQ=,h2fz1A0qPtW+hGK+WYxSz0NYbgo=
0,2,a253Jm4mXwL5/Gt8JpjJtgquwzk=,h2fz1A0qPtW+hGK+WYxSz0NYbgo=
1,13,gyEy3nbANp/ro+0KU3PnR798ytE=,S2Dlp83YYnzPXLw7OgjloNRYtw4=
7,4,gyEy3nbANp/ro+0KU3PnR798ytE=,h2fz1A0qPtW+hGK+WYxSz0NYbgo=
3,6,hSJBFhiovJS2aVxDdjkDq8NZDGQ=,h2fz1A0qPtW+hGK+WYxSz0NYbgo=
5,7,hSJBFhiovJS2aVxDdjkDq8NZDGQ=,h2fz1A0qPtW+hGK+WYxSz0NYbgo=
6,5,gyEy3nbANp/ro+0KU3PnR798ytE=,h2fz1A0qPtW+hGK+WYxSz0NYbgo=
8,6,gyEy3nbANp/ro+0KU3PnR798ytE=,qipiUJlO6MqphUbGCox+l3BgvS4=
12,1,gyEy3nbANp/ro+0KU3PnR798ytE=,qipiUJlO6MqphUbGCox+l3BgvS4=
4,7,hSJBFhiovJS2aVxDdjkDq8NZDGQ=,h2fz1A0qPtW+hGK+WYxSz0NYbgo=
2,3,a253Jm4mXwL5/Gt8JpjJtgquwzk=,h2fz1A0qPtW+hGK+WYxSz0NYbgo=
1,12,gyEy3nbANp/ro+0KU3PnR798ytE=,S2Dlp83YYnzPXLw7OgjloNRYtw4=
11,5,a253Jm4mXwL5/Gt8JpjJtgquwzk=,qipiUJlO6MqphUbGCox+l3BgvS4=
4,5,gyEy3nbANp/ro+0KU3PnR798ytE=,h2fz1A0qPtW+hGK+WYxSz0NYbgo=
5,4,gyEy3nbANp/ro+0KU3PnR798ytE=,h2fz1A0qPtW+hGK+WYxSz0NYbgo=
2,6,hSJBFhiovJS2aVxDdjkDq8NZDGQ=,h2fz1A0qPtW+hGK+WYxSz0NYbgo=
7,6,a253Jm4mXwL5/Gt8JpjJtgquwzk=,h2fz1A0qPtW+hGK+WYxSz0NYbgo=
10,5,a253Jm4mXwL5/Gt8JpjJtgquwzk=,qipiUJlO6MqphUbGCox+l3BgvS4=
2,12,gyEy3nbANp/ro+0KU3PnR798ytE=,S2Dlp83YYnzPXLw7OgjloNRYtw4=
11,8,gyEy3nbANp/ro+0KU3PnR798ytE=,qipiUJlO6MqphUbGCox+l3BgvS4=
11,6,a253Jm4mXwL5/Gt8JpjJtgquwzk=,qipiUJlO6MqphUbGCox+l3BgvS4=
11,7,hSJBFhiovJS2aVxDdjkDq8NZDGQ=,qipiUJlO6MqphUbGCox+l3BgvS4=
0,1,a253Jm4mXwL5/Gt8JpjJtgquwzk=,h2fz1A0qPtW+hGK+WYxSz0NYbgo=
10,6,gyEy3nbANp/ro+0KU3PnR798ytE=,qipiUJlO6MqphUbGCox+l3BgvS4=
4,4,gyEy3nbANp/ro+0KU3PnR798ytE=,h2fz1A0qPtW+hGK+WYxSz0NYbgo=
9,8,gyEy3nbANp/ro+0KU3PnR798ytE=,qipiUJlO6MqphUbGCox+l3BgvS4=
11,10,gyEy3nbANp/ro+0KU3PnR798ytE=,qipiUJlO6MqphUbGCox+l3BgvS4=
11,4,gyEy3nbANp/ro+0KU3PnR798ytE=,qipiUJlO6MqphUbGCox+l3BgvS4=
10,8,gyEy3nbANp/ro+0KU3PnR798ytE=,qipiUJlO6MqphUbGCox+l3BgvS4=
6,6,gyEy3nbANp/ro+0KU3PnR798ytE=,h2fz1A0qPtW+hGK+WYxSz0NYbgo=
5,5,gyEy3nbANp/ro+0KU3PnR798ytE=,h2fz1A0qPtW+hGK+WYxSz0NYbgo=
9,5,a253Jm4mXwL5/Gt8JpjJtgquwzk=,qipiUJlO6MqphUbGCox+l3BgvS4=
10,10,gyEy3nbANp/ro+0KU3PnR798ytE=,qipiUJlO6MqphUbGCox+l3BgvS4=
10,7,hSJBFhiovJS2aVxDdjkDq8NZDGQ=,qipiUJlO6MqphUbGCox+l3BgvS4=
3,13,gyEy3nbANp/ro+0KU3PnR798ytE=,S2Dlp83YYnzPXLw7OgjloNRYtw4=
8,4,gyEy3nbANp/ro+0KU3PnR798ytE=,qipiUJlO6MqphUbGCox+l3BgvS4=
10,11,a253Jm4mXwL5/Gt8JpjJtgquwzk=,qipiUJlO6MqphUbGCox+l3BgvS4=
9,10,gyEy3nbANp/ro+0KU3PnR798ytE=,qipiUJlO6MqphUbGCox+l3BgvS4=
11,9,gyEy3nbANp/ro+0KU3PnR798ytE=,qipiUJlO6MqphUbGCox+l3BgvS4=
10,9,gyEy3nbANp/ro+0KU3PnR798ytE=,qipiUJlO6MqphUbGCox+l3BgvS4=
9,7,a253Jm4mXwL5/Gt8JpjJtgquwzk=,qipiUJlO6MqphUbGCox+l3BgvS4=
7,9,gyEy3nbANp/ro+0KU3PnR798ytE=,S2Dlp83YYnzPXLw7OgjloNRYtw4=
8,10,gyEy3nbANp/ro+0KU3PnR798ytE=,qipiUJlO6MqphUbGCox+l3BgvS4=
9,6,gyEy3nbANp/ro+0KU3PnR798ytE=,qipiUJlO6MqphUbGCox+l3BgvS4=
10,4,gyEy3nbANp/ro+0KU3PnR798ytE=,qipiUJlO6MqphUbGCox+l3BgvS4=
7,11,gyEy3nbANp/ro+0KU3PnR798ytE=,S2Dlp83YYnzPXLw7OgjloNRYtw4=
9,11,a253Jm4mXwL5/Gt8JpjJtgquwzk=,qipiUJlO6MqphUbGCox+l3BgvS4=
2,13,gyEy3nbANp/ro+0KU3PnR798ytE=,S2Dlp83YYnzPXLw7OgjloNRYtw4=
5,9,gyEy3nbANp/ro+0KU3PnR798ytE=,S2Dlp83YYnzPXLw7OgjloNRYtw4=
9,9,gyEy3nbANp/ro+0KU3PnR798ytE=,qipiUJlO6MqphUbGCox+l3BgvS4=
5,11,gyEy3nbANp/ro+0KU3PnR798ytE=,S2Dlp83YYnzPXLw7OgjloNRYtw4=
8,11,gyEy3nbANp/ro+0KU3PnR798ytE=,qipiUJlO6MqphUbGCox+l3BgvS4=
4,9,gyEy3nbANp/ro+0KU3PnR798ytE=,S2Dlp83YYnzPXLw7OgjloNRYtw4=
9,4,gyEy3nbANp/ro+0KU3PnR798ytE=,qipiUJlO6MqphUbGCox+l3BgvS4=
6,9,gyEy3nbANp/ro+0KU3PnR798ytE=,S2Dlp83YYnzPXLw7OgjloNRYtw4=
8,9,gyEy3nbANp/ro+0KU3PnR798ytE=,qipiUJlO6MqphUbGCox+l3BgvS4=
11,11,gyEy3nbANp/ro+0KU3PnR798ytE=,qipiUJlO6MqphUbGCox+l3BgvS4=
4,11,gyEy3nbANp/ro+0KU3PnR798ytE=,S2Dlp83YYnzPXLw7OgjloNRYtw4=
6,11,gyEy3nbANp/ro+0KU3PnR798ytE=,S2Dlp83YYnzPXLw7OgjloNRYtw4=
6,10,gyEy3nbANp/ro+0KU3PnR798ytE=,S2Dlp83YYnzPXLw7OgjloNRYtw4=
8,0,gyEy3nbANp/ro+0KU3PnR798ytE=,qipiUJlO6MqphUbGCox+l3BgvS4=
5,10,gyEy3nbANp/ro+0KU3PnR798ytE=,S2Dlp83YYnzPXLw7OgjloNRYtw4=
5,0,gyEy3nbANp/ro+0KU3PnR798ytE=,h2fz1A0qPtW+hGK+WYxSz0NYbgo=
3,14,gyEy3nbANp/ro+0KU3PnR798ytE=,S2Dlp83YYnzPXLw7OgjloNRYtw4=
9,0,gyEy3nbANp/ro+0KU3PnR798ytE=,qipiUJlO6MqphUbGCox+l3BgvS4=
10,0,gyEy3nbANp/ro+0KU3PnR798ytE=,qipiUJlO6MqphUbGCox+l3BgvS4=
1,2,a253Jm4mXwL5/Gt8JpjJtgquwzk=,h2fz1A0qPtW+hGK+WYxSz0NYbgo=
7,1,gyEy3nbANp/ro+0KU3PnR798ytE=,h2fz1A0qPtW+hGK+WYxSz0NYbgo=
7,10,gyEy3nbANp/ro+0KU3PnR798ytE=,S2Dlp83YYnzPXLw7OgjloNRYtw4=
7,2,gyEy3nbANp/ro+0KU3PnR798ytE=,h2fz1A0qPtW+hGK+WYxSz0NYbgo=
5,2,a253Jm4mXwL5/Gt8JpjJtgquwzk=,h2fz1A0qPtW+hGK+WYxSz0NYbgo=
6,2,a253Jm4mXwL5/Gt8JpjJtgquwzk=,h2fz1A0qPtW+hGK+WYxSz0NYbgo=
6,0,gyEy3nbANp/ro+0KU3PnR798ytE=,h2fz1A0qPtW+hGK+WYxSz0NYbgo=
11,0,gyEy3nbANp/ro+0KU3PnR798ytE=,qipiUJlO6MqphUbGCox+l3BgvS4=
15,3,gyEy3nbANp/ro+0KU3PnR798ytE=,qipiUJlO6MqphUbGCox+l3BgvS4=
4,0,gyEy3nbANp/ro+0KU3PnR798ytE=,h2fz1A0qPtW+hGK+WYxSz0NYbgo=
8,2,gyEy3nbANp/ro+0KU3PnR798ytE=,qipiUJlO6MqphUbGCox+l3BgvS4=
1,1,a253Jm4mXwL5/Gt8JpjJtgquwzk=,h2fz1A0qPtW+hGK+WYxSz0NYbgo=
5,1,a253Jm4mXwL5/Gt8JpjJtgquwzk=,h2fz1A0qPtW+hGK+WYxSz0NYbgo=
12,0,a253Jm4mXwL5/Gt8JpjJtgquwzk=,qipiUJlO6MqphUbGCox+l3BgvS4=
4,3,a253Jm4mXwL5/Gt8JpjJtgquwzk=,h2fz1A0qPtW+hGK+WYxSz0NYbgo=
15,1,gyEy3nbANp/ro+0KU3PnR798ytE=,qipiUJlO6MqphUbGCox+l3BgvS4=
7,3,gyEy3nbANp/ro+0KU3PnR798ytE=,h2fz1A0qPtW+hGK+WYxSz0NYbgo=
14,3,gyEy3nbANp/ro+0KU3PnR798ytE=,qipiUJlO6MqphUbGCox+l3BgvS4=
6,3,a253Jm4mXwL5/Gt8JpjJtgquwzk=,h2fz1A0qPtW+hGK+WYxSz0NYbgo=
11,2,gyEy3nbANp/ro+0KU3PnR798ytE=,qipiUJlO6MqphUbGCox+l3BgvS4=
8,3,a253Jm4mXwL5/Gt8JpjJtgquwzk=,qipiUJlO6MqphUbGCox+l3BgvS4=
8,1,gyEy3nbANp/ro+0KU3PnR798ytE=,qipiUJlO6MqphUbGCox+l3BgvS4=
15,2,gyEy3nbANp/ro+0KU3PnR798ytE=,qipiUJlO6MqphUbGCox+l3BgvS4=
13,3,gyEy3nbANp/ro+0KU3PnR798ytE=,qipiUJlO6MqphUbGCox+l3BgvS4=
0,3,a253Jm4mXwL5/Gt8JpjJtgquwzk=,h2fz1A0qPtW+hGK+WYxSz0NYbgo=
9,2,gyEy3nbANp/ro+0KU3PnR798ytE=,qipiUJlO6MqphUbGCox+l3BgvS4=
14,1,gyEy3nbANp/ro+0KU3PnR798ytE=,qipiUJlO6MqphUbGCox+l3BgvS4=
9,14,gyEy3nbANp/ro+0KU3PnR798ytE=,qipiUJlO6MqphUbGCox+l3BgvS4=
10,14,gyEy3nbANp/ro+0KU3PnR798ytE=,qipiUJlO6MqphUbGCox+l3BgvS4=
12,3,a253Jm4mXwL5/Gt8JpjJtgquwzk=,qipiUJlO6MqphUbGCox+l3BgvS4=
5,13,gyEy3nbANp/ro+0KU3PnR798ytE=,S2Dlp83YYnzPXLw7OgjloNRYtw4=
13,1,gyEy3nbANp/ro+0KU3PnR798ytE=,qipiUJlO6MqphUbGCox+l3BgvS4=
5,14,gyEy3nbANp/ro+0KU3PnR798ytE=,S2Dlp83YYnzPXLw7OgjloNRYtw4=
4,1,a253Jm4mXwL5/Gt8JpjJtgquwzk=,h2fz1A0qPtW+hGK+WYxSz0NYbgo=
4,13,gyEy3nbANp/ro+0KU3PnR798ytE=,S2Dlp83YYnzPXLw7OgjloNRYtw4=
6,12,gyEy3nbANp/ro+0KU3PnR798ytE=,S2Dlp83YYnzPXLw7OgjloNRYtw4=
6,13,gyEy3nbANp/ro+0KU3PnR798ytE=,S2Dlp83YYnzPXLw7OgjloNRYtw4=
5,12,gyEy3nbANp/ro+0KU3PnR798ytE=,S2Dlp83YYnzPXLw7OgjloNRYtw4=
2,14,gyEy3nbANp/ro+0KU3PnR798ytE=,S2Dlp83YYnzPXLw7OgjloNRYtw4=
8,14,a253Jm4mXwL5/Gt8JpjJtgquwzk=,qipiUJlO6MqphUbGCox+l3BgvS4=
4,14,gyEy3nbANp/ro+0KU3PnR798ytE=,S2Dlp83YYnzPXLw7OgjloNRYtw4=
4,12,gyEy3nbANp/ro+0KU3PnR798ytE=,S2Dlp83YYnzPXLw7OgjloNRYtw4=
1,14,gyEy3nbANp/ro+0KU3PnR798ytE=,S2Dlp83YYnzPXLw7OgjloNRYtw4=
2,8,a253Jm4mXwL5/Gt8JpjJtgquwzk=,S2Dlp83YYnzPXLw7OgjloNRYtw4=
3,8,a253Jm4mXwL5/Gt8JpjJtgquwzk=,S2Dlp83YYnzPXLw7OgjloNRYtw4=
10,2,gyEy3nbANp/ro+0KU3PnR798ytE=,qipiUJlO6MqphUbGCox+l3BgvS4=
2,1,a253Jm4mXwL5/Gt8JpjJtgquwzk=,h2fz1A0qPtW+hGK+WYxSz0NYbgo=
1,8,gyEy3nbANp/ro+0KU3PnR798ytE=,S2Dlp83YYnzPXLw7OgjloNRYtw4=
6,14,gyEy3nbANp/ro+0KU3PnR798ytE=,S2Dlp83YYnzPXLw7OgjloNRYtw4=
3,3,a253Jm4mXwL5/Gt8JpjJtgquwzk=,h2fz1A0qPtW+hGK+WYxSz0NYbgo=
3,1,a253Jm4mXwL5/Gt8JpjJtgquwzk=,h2fz1A0qPtW+hGK+WYxSz0NYbgo=
7,21,wvvNzD/s+22Se6sCeuQ3wqSflWc=,qipiUJlO6MqphUbGCox+l3BgvS4=
6,21,wvvNzD/s+22Se6sCeuQ3wqSflWc=,qipiUJlO6MqphUbGCox+l3BgvS4=
7,22,wvvNzD/s+22Se6sCeuQ3wqSflWc=,qipiUJlO6MqphUbGCox+l3BgvS4=
6,22,wvvNzD/s+22Se6sCeuQ3wqSflWc=,qipiUJlO6MqphUbGCox+l3BgvS4=
11,16,IfWj9Ays3HHTiUSpoWBNTYae8Rk=,h2fz1A0qPtW+hGK+WYxSz0NYbgo=
8,18,wvvNzD/s+22Se6sCeuQ3wqSflWc=,h2fz1A0qPtW+hGK+WYxSz0NYbgo=
9,17,IfWj9Ays3HHTiUSpoWBNTYae8Rk=,h2fz1A0qPtW+hGK+WYxSz0NYbgo=
15,16,IfWj9Ays3HHTiUSpoWBNTYae8Rk=,h2fz1A0qPtW+hGK+WYxSz0NYbgo=
7,16,IfWj9Ays3HHTiUSpoWBNTYae8Rk=,qipiUJlO6MqphUbGCox+l3BgvS4=
1,26,IfWj9Ays3HHTiUSpoWBNTYae8Rk=,qipiUJlO6MqphUbGCox+l3BgvS4=
8,17,wvvNzD/s+22Se6sCeuQ3wqSflWc=,h2fz1A0qPtW+hGK+WYxSz0NYbgo=
0,23,IfWj9Ays3HHTiUSpoWBNTYae8Rk=,qipiUJlO6MqphUbGCox+l3BgvS4=
10,17,IfWj9Ays3HHTiUSpoWBNTYae8Rk=,h2fz1A0qPtW+hGK+WYxSz0NYbgo=
5,21,wvvNzD/s+22Se6sCeuQ3wqSflWc=,qipiUJlO6MqphUbGCox+l3BgvS4=
0,24,IfWj9Ays3HHTiUSpoWBNTYae8Rk=,qipiUJlO6MqphUbGCox+l3BgvS4=
2,26,IfWj9Ays3HHTiUSpoWBNTYae8Rk=,qipiUJlO6MqphUbGCox+l3BgvS4=
12,16,IfWj9Ays3HHTiUSpoWBNTYae8Rk=,h2fz1A0qPtW+hGK+WYxSz0NYbgo=
0,27,wvvNzD/s+22Se6sCeuQ3wqSflWc=,qipiUJlO6MqphUbGCox+l3BgvS4=
13,16,IfWj9Ays3HHTiUSpoWBNTYae8Rk=,h2fz1A0qPtW+hGK+WYxSz0NYbgo=
11,19,wvvNzD/s+22Se6sCeuQ3wqSflWc=,h2fz1A0qPtW+hGK+WYxSz0NYbgo=
5,16,IfWj9Ays3HHTiUSpoWBNTYae8Rk=,qipiUJlO6MqphUbGCox+l3BgvS4=
4,21,wvvNzD/s+22Se6sCeuQ3wqSflWc=,qipiUJlO6MqphUbGCox+l3BgvS4=
3,21,IfWj9Ays3HHTiUSpoWBNTYae8Rk=,qipiUJlO6MqphUbGCox+l3BgvS4=
14,16,IfWj9Ays3HHTiUSpoWBNTYae8Rk=,h2fz1A0qPtW+hGK+WYxSz0NYbgo=
7,31,wvvNzD/s+22Se6sCeuQ3wqSflWc=,qipiUJlO6MqphUbGCox+l3BgvS4=
10,16,IfWj9Ays3HHTiUSpoWBNTYae8Rk=,h2fz1A0qPtW+hGK+WYxSz0NYbgo=
8,26,wvvNzD/s+22Se6sCeuQ3wqSflWc=,X2qJP4iu7z7x1X1Db1USl3Nrvvs=
10,19,wvvNzD/s+22Se6sCeuQ3wqSflWc=,h2fz1A0qPtW+hGK+WYxSz0NYbgo=
2,20,IfWj9Ays3HHTiUSpoWBNTYae8Rk=,qipiUJlO6MqphUbGCox+l3BgvS4=
15,19,IfWj9Ays3HHTiUSpoWBNTYae8Rk=,h2fz1A0qPtW+hGK+WYxSz0NYbgo=
4,16,IfWj9Ays3HHTiUSpoWBNTYae8Rk=,qipiUJlO6MqphUbGCox+l3BgvS4=
9,19,wvvNzD/s+22Se6sCeuQ3wqSflWc=,h2fz1A0qPtW+hGK+WYxSz0NYbgo=
0,20,IfWj9Ays3HHTiUSpoWBNTYae8Rk=,qipiUJlO6MqphUbGCox+l3BgvS4=
0,25,IfWj9Ays3HHTiUSpoWBNTYae8Rk=,qipiUJlO6MqphUbGCox+l3BgvS4=
3,26,IfWj9Ays3HHTiUSpoWBNTYae8Rk=,qipiUJlO6MqphUbGCox+l3BgvS4=
7,25,wvvNzD/s+22Se6sCeuQ3wqSflWc=,qipiUJlO6MqphUbGCox+l3BgvS4=
1,27,IfWj9Ays3HHTiUSpoWBNTYae8Rk=,qipiUJlO6MqphUbGCox+l3BgvS4=
15,18,IfWj9Ays3HHTiUSpoWBNTYae8Rk=,h2fz1A0qPtW+hGK+WYxSz0NYbgo=
10,31,wvvNzD/s+22Se6sCeuQ3wqSflWc=,X2qJP4iu7z7x1X1Db1USl3Nrvvs=
15,23,wvvNzD/s+22Se6sCeuQ3wqSflWc=,h2fz1A0qPtW+hGK+WYxSz0NYbgo=
11,18,IfWj9Ays3HHTiUSpoWBNTYae8Rk=,h2fz1A0qPtW+hGK+WYxSz0NYbgo=
15,17,IfWj9Ays3HHTiUSpoWBNTYae8Rk=,h2fz1A0qPtW+hGK+WYxSz0NYbgo=
6,23,IfWj9Ays3HHTiUSpoWBNTYae8Rk=,qipiUJlO6MqphUbGCox+l3BgvS4=
8,25,wvvNzD/s+22Se6sCeuQ3wqSflWc=,X2qJP4iu7z7x1X1Db1USl3Nrvvs=
2,27,IfWj9Ays3HHTiUSpoWBNTYae8Rk=,qipiUJlO6MqphUbGCox+l3BgvS4=
0,21,IfWj9Ays3HHTiUSpoWBNTYae8Rk=,qipiUJlO6MqphUbGCox+l3BgvS4=
9,28,wvvNzD/s+22Se6sCeuQ3wqSflWc=,X2qJP4iu7z7x1X1Db1USl3Nrvvs=
3,20,wvvNzD/s+22Se6sCeuQ3wqSflWc=,qipiUJlO6MqphUbGCox+l3BgvS4=
0,26,wvvNzD/s+22Se6sCeuQ3wqSflWc=,qipiUJlO6MqphUbGCox+l3BgvS4=
3,27,IfWj9Ays3HHTiUSpoWBNTYae8Rk=,qipiUJlO6MqphUbGCox+l3BgvS4=
6,31,wvvNzD/s+22Se6sCeuQ3wqSflWc=,qipiUJlO6MqphUbGCox+l3BgvS4=
7,23,IfWj9Ays3HHTiUSpoWBNTYae8Rk=,qipiUJlO6MqphUbGCox+l3BgvS4=
10,18,IfWj9Ays3HHTiUSpoWBNTYae8Rk=,h2fz1A0qPtW+hGK+WYxSz0NYbgo=
9,16,IfWj9Ays3HHTiUSpoWBNTYae8Rk=,h2fz1A0qPtW+hGK+WYxSz0NYbgo=
6,16,IfWj9Ays3HHTiUSpoWBNTYae8Rk=,qipiUJlO6MqphUbGCox+l3BgvS4=
14,19,IfWj9Ays3HHTiUSpoWBNTYae8Rk=,h2fz1A0qPtW+hGK+WYxSz0NYbgo=
0,22,IfWj9Ays3HHTiUSpoWBNTYae8Rk=,qipiUJlO6MqphUbGCox+l3BgvS4=
8,16,IfWj9Ays3HHTiUSpoWBNTYae8Rk=,h2fz1A0qPtW+hGK+WYxSz0NYbgo=
2,21,wvvNzD/s+22Se6sCeuQ3wqSflWc=,qipiUJlO6MqphUbGCox+l3BgvS4=
7,24,wvvNzD/s+22Se6sCeuQ3wqSflWc=,qipiUJlO6MqphUbGCox+l3BgvS4=
9,31,wvvNzD/s+22Se6sCeuQ3wqSflWc=,X2qJP4iu7z7x1X1Db1USl3Nrvvs=
6,25,wvvNzD/s+22Se6sCeuQ3wqSflWc=,qipiUJlO6MqphUbGCox+l3BgvS4=
1,25,wvvNzD/s+22Se6sCeuQ3wqSflWc=,qipiUJlO6MqphUbGCox+l3BgvS4=
13,19,IfWj9Ays3HHTiUSpoWBNTYae8Rk=,h2fz1A0qPtW+hGK+WYxSz0NYbgo=
3,25,wvvNzD/s+22Se6sCeuQ3wqSflWc=,qipiUJlO6MqphUbGCox+l3BgvS4=
5,17,wvvNzD/s+22Se6sCeuQ3wqSflWc=,qipiUJlO6MqphUbGCox+l3BgvS4=
14,22,wvvNzD/s+22Se6sCeuQ3wqSflWc=,h2fz1A0qPtW+hGK+WYxSz0NYbgo=
5,31,wvvNzD/s+22Se6sCeuQ3wqSflWc=,qipiUJlO6MqphUbGCox+l3BgvS4=
15,20,wvvNzD/s+22Se6sCeuQ3wqSflWc=,h2fz1A0qPtW+hGK+WYxSz0NYbgo=
15,21,wvvNzD/s+22Se6sCeuQ3wqSflWc=,h2fz1A0qPtW+hGK+WYxSz0NYbgo=
12,19,IfWj9Ays3HHTiUSpoWBNTYae8Rk=,h2fz1A0qPtW+hGK+WYxSz0NYbgo=
15,22,wvvNzD/s+22Se6sCeuQ3wqSflWc=,h2fz1A0qPtW+hGK+WYxSz0NYbgo=
5,25,wvvNzD/s+22Se6sCeuQ3wqSflWc=,qipiUJlO6MqphUbGCox+l3BgvS4=
8,31,wvvNzD/s+22Se6sCeuQ3wqSflWc=,X2qJP4iu7z7x1X1Db1USl3Nrvvs=
13,22,wvvNzD/s+22Se6sCeuQ3wqSflWc=,h2fz1A0qPtW+hGK+WYxSz0NYbgo=
4,17,wvvNzD/s+22Se6sCeuQ3wqSflWc=,qipiUJlO6MqphUbGCox+l3BgvS4=
14,18,IfWj9Ays3HHTiUSpoWBNTYae8Rk=,h2fz1A0qPtW+hGK+WYxSz0NYbgo=
12,22,wvvNzD/s+22Se6sCeuQ3wqSflWc=,h2fz1A0qPtW+hGK+WYxSz0NYbgo=
13,21,wvvNzD/s+22Se6sCeuQ3wqSflWc=,h2fz1A0qPtW+hGK+WYxSz0NYbgo=
2,25,wvvNzD/s+22Se6sCeuQ3wqSflWc=,qipiUJlO6MqphUbGCox+l3BgvS4=
14,21,wvvNzD/s+22Se6sCeuQ3wqSflWc=,h2fz1A0qPtW+hGK+WYxSz0NYbgo=
14,20,wvvNzD/s+22Se6sCeuQ3wqSflWc=,h2fz1A0qPtW+hGK+WYxSz0NYbgo=
4,25,wvvNzD/s+22Se6sCeuQ3wqSflWc=,qipiUJlO6MqphUbGCox+l3BgvS4=
8,30,wvvNzD/s+22Se6sCeuQ3wqSflWc=,X2qJP4iu7z7x1X1Db1USl3Nrvvs=
13,18,IfWj9Ays3HHTiUSpoWBNTYae8Rk=,h2fz1A0qPtW+hGK+WYxSz0NYbgo=
13,20,wvvNzD/s+22Se6sCeuQ3wqSflWc=,h2fz1A0qPtW+hGK+WYxSz0NYbgo=
4,31,wvvNzD/s+22Se6sCeuQ3wqSflWc=,qipiUJlO6MqphUbGCox+l3BgvS4=
12,21,wvvNzD/s+22Se6sCeuQ3wqSflWc=,h2fz1A0qPtW+hGK+WYxSz0NYbgo=
12,20,wvvNzD/s+22Se6sCeuQ3wqSflWc=,h2fz1A0qPtW+hGK+WYxSz0NYbgo=
7,27,wvvNzD/s+22Se6sCeuQ3wqSflWc=,qipiUJlO6MqphUbGCox+l3BgvS4=
14,23,wvvNzD/s+22Se6sCeuQ3wqSflWc=,h2fz1A0qPtW+hGK+WYxSz0NYbgo=
8,29,wvvNzD/s+22Se6sCeuQ3wqSflWc=,X2qJP4iu7z7x1X1Db1USl3Nrvvs=
13,23,wvvNzD/s+22Se6sCeuQ3wqSflWc=,h2fz1A0qPtW+hGK+WYxSz0NYbgo=
7,30,wvvNzD/s+22Se6sCeuQ3wqSflWc=,qipiUJlO6MqphUbGCox+l3BgvS4=
15,24,wvvNzD/s+22Se6sCeuQ3wqSflWc=,X2qJP4iu7z7x1X1Db1USl3Nrvvs=
12,18,IfWj9Ays3HHTiUSpoWBNTYae8Rk=,h2fz1A0qPtW+hGK+WYxSz0NYbgo=
15,25,wvvNzD/s+22Se6sCeuQ3wqSflWc=,X2qJP4iu7z7x1X1Db1USl3Nrvvs=
9,18,IfWj9Ays3HHTiUSpoWBNTYae8Rk=,h2fz1A0qPtW+hGK+WYxSz0NYbgo=
8,28,wvvNzD/s+22Se6sCeuQ3wqSflWc=,X2qJP4iu7z7x1X1Db1USl3Nrvvs=
12,23,wvvNzD/s+22Se6sCeuQ3wqSflWc=,h2fz1A0qPtW+hGK+WYxSz0NYbgo=
11,17,IfWj9Ays3HHTiUSpoWBNTYae8Rk=,h2fz1A0qPtW+hGK+WYxSz0NYbgo=
6,30,wvvNzD/s+22Se6sCeuQ3wqSflWc=,qipiUJlO6MqphUbGCox+l3BgvS4=
14,17,IfWj9Ays3HHTiUSpoWBNTYae8Rk=,h2fz1A0qPtW+hGK+WYxSz0NYbgo=
15,31,wvvNzD/s+22Se6sCeuQ3wqSflWc=,X2qJP4iu7z7x1X1Db1USl3Nrvvs=
0,31,IfWj9Ays3HHTiUSpoWBNTYae8Rk=,qipiUJlO6MqphUbGCox+l3BgvS4=
1,21,IfWj9Ays3HHTiUSpoWBNTYae8Rk=,qipiUJlO6MqphUbGCox+l3BgvS4=
6,27,wvvNzD/s+22Se6sCeuQ3wqSflWc=,qipiUJlO6MqphUbGCox+l3BgvS4=
13,17,IfWj9Ays3HHTiUSpoWBNTYae8Rk=,h2fz1A0qPtW+hGK+WYxSz0NYbgo=
1,28,wvvNzD/s+22Se6sCeuQ3wqSflWc=,qipiUJlO6MqphUbGCox+l3BgvS4=
5,27,wvvNzD/s+22Se6sCeuQ3wqSflWc=,qipiUJlO6MqphUbGCox+l3BgvS4=
5,30,wvvNzD/s+22Se6sCeuQ3wqSflWc=,qipiUJlO6MqphUbGCox+l3BgvS4=
2,28,wvvNzD/s+22Se6sCeuQ3wqSflWc=,qipiUJlO6MqphUbGCox+l3BgvS4=
8,23,wvvNzD/s+22Se6sCeuQ3wqSflWc=,h2fz1A0qPtW+hGK+WYxSz0NYbgo=
13,31,wvvNzD/s+22Se6sCeuQ3wqSflWc=,X2qJP4iu7z7x1X1Db1USl3Nrvvs=
10,28,wvvNzD/s+22Se6sCeuQ3wqSflWc=,X2qJP4iu7z7x1X1Db1USl3Nrvvs=
14,31,wvvNzD/s+22Se6sCeuQ3wqSflWc=,X2qJP4iu7z7x1X1Db1USl3Nrvvs=
4,27,wvvNzD/s+22Se6sCeuQ3wqSflWc=,qipiUJlO6MqphUbGCox+l3BgvS4=
12,17,IfWj9Ays3HHTiUSpoWBNTYae8Rk=,h2fz1A0qPtW+hGK+WYxSz0NYbgo=
11,30,wvvNzD/s+22Se6sCeuQ3wqSflWc=,X2qJP4iu7z7x1X1Db1USl3Nrvvs=
0,16,IfWj9Ays3HHTiUSpoWBNTYae8Rk=,qipiUJlO6MqphUbGCox+l3BgvS4=
3,31,wvvNzD/s+22Se6sCeuQ3wqSflWc=,qipiUJlO6MqphUbGCox+l3BgvS4=
12,26,wvvNzD/s+22Se6sCeuQ3wqSflWc=,X2qJP4iu7z7x1X1Db1USl3Nrvvs=
1,20,IfWj9Ays3HHTiUSpoWBNTYae8Rk=,qipiUJlO6MqphUbGCox+l3BgvS4=
13,26,wvvNzD/s+22Se6sCeuQ3wqSflWc=,X2qJP4iu7z7x1X1Db1USl3Nrvvs=
7,26,wvvNzD/s+22Se6sCeuQ3wqSflWc=,qipiUJlO6MqphUbGCox+l3BgvS4=
12,31,wvvNzD/s+22Se6sCeuQ3wqSflWc=,X2qJP4iu7z7x1X1Db1USl3Nrvvs=
4,30,wvvNzD/s+22Se6sCeuQ3wqSflWc=,qipiUJlO6MqphUbGCox+l3BgvS4=
1,19,IfWj9Ays3HHTiUSpoWBNTYae8Rk=,qipiUJlO6MqphUbGCox+l3BgvS4=
15,30,wvvNzD/s+22Se6sCeuQ3wqSflWc=,X2qJP4iu7z7x1X1Db1USl3Nrvvs=
3,16,IfWj9Ays3HHTiUSpoWBNTYae8Rk=,qipiUJlO6MqphUbGCox+l3BgvS4=
12,27,wvvNzD/s+22Se6sCeuQ3wqSflWc=,X2qJP4iu7z7x1X1Db1USl3Nrvvs=
5,24,wvvNzD/s+22Se6sCeuQ3wqSflWc=,qipiUJlO6MqphUbGCox+l3BgvS4=
6,26,wvvNzD/s+22Se6sCeuQ3wqSflWc=,qipiUJlO6MqphUbGCox+l3BgvS4=
6,24,wvvNzD/s+22Se6sCeuQ3wqSflWc=,qipiUJlO6MqphUbGCox+l3BgvS4=
7,29,wvvNzD/s+22Se6sCeuQ3wqSflWc=,qipiUJlO6MqphUbGCox+l3BgvS4=
14,26,wvvNzD/s+22Se6sCeuQ3wqSflWc=,X2qJP4iu7z7x1X1Db1USl3Nrvvs=
1,17,IfWj9Ays3HHTiUSpoWBNTYae8Rk=,qipiUJlO6MqphUbGCox+l3BgvS4=
2,31,wvvNzD/s+22Se6sCeuQ3wqSflWc=,qipiUJlO6MqphUbGCox+l3BgvS4=
15,29,wvvNzD/s+22Se6sCeuQ3wqSflWc=,X2qJP4iu7z7x1X1Db1USl3Nrvvs=
10,30,wvvNzD/s+22Se6sCeuQ3wqSflWc=,X2qJP4iu7z7x1X1Db1USl3Nrvvs=
6,29,wvvNzD/s+22Se6sCeuQ3wqSflWc=,qipiUJlO6MqphUbGCox+l3BgvS4=
5,22,wvvNzD/s+22Se6sCeuQ3wqSflWc=,qipiUJlO6MqphUbGCox+l3BgvS4=
5,26,wvvNzD/s+22Se6sCeuQ3wqSflWc=,qipiUJlO6MqphUbGCox+l3BgvS4=
11,31,wvvNzD/s+22Se6sCeuQ3wqSflWc=,X2qJP4iu7z7x1X1Db1USl3Nrvvs=
4,28,wvvNzD/s+22Se6sCeuQ3wqSflWc=,qipiUJlO6MqphUbGCox+l3BgvS4=
5,23,wvvNzD/s+22Se6sCeuQ3wqSflWc=,qipiUJlO6MqphUbGCox+l3BgvS4=
4,22,wvvNzD/s+22Se6sCeuQ3wqSflWc=,qipiUJlO6MqphUbGCox+l3BgvS4=
5,29,wvvNzD/s+22Se6sCeuQ3wqSflWc=,qipiUJlO6MqphUbGCox+l3BgvS4=
1,16,IfWj9Ays3HHTiUSpoWBNTYae8Rk=,qipiUJlO6MqphUbGCox+l3BgvS4=
1,29,wvvNzD/s+22Se6sCeuQ3wqSflWc=,qipiUJlO6MqphUbGCox+l3BgvS4=
15,28,wvvNzD/s+22Se6sCeuQ3wqSflWc=,X2qJP4iu7z7x1X1Db1USl3Nrvvs=
3,28,wvvNzD/s+22Se6sCeuQ3wqSflWc=,qipiUJlO6MqphUbGCox+l3BgvS4=
9,30,wvvNzD/s+22Se6sCeuQ3wqSflWc=,X2qJP4iu7z7x1X1Db1USl3Nrvvs=
4,26,wvvNzD/s+22Se6sCeuQ3wqSflWc=,qipiUJlO6MqphUbGCox+l3BgvS4=
15,27,wvvNzD/s+22Se6sCeuQ3wqSflWc=,X2qJP4iu7z7x1X1Db1USl3Nrvvs=
5,28,wvvNzD/s+22Se6sCeuQ3wqSflWc=,qipiUJlO6MqphUbGCox+l3BgvS4=
1,31,wvvNzD/s+22Se6sCeuQ3wqSflWc=,qipiUJlO6MqphUbGCox+l3BgvS4=
4,29,wvvNzD/s+22Se6sCeuQ3wqSflWc=,qipiUJlO6MqphUbGCox+l3BgvS4=
3,17,IfWj9Ays3HHTiUSpoWBNTYae8Rk=,qipiUJlO6MqphUbGCox+l3BgvS4=
3,29,wvvNzD/s+22Se6sCeuQ3wqSflWc=,qipiUJlO6MqphUbGCox+l3BgvS4=
2,17,IfWj9Ays3HHTiUSpoWBNTYae8Rk=,qipiUJlO6MqphUbGCox+l3BgvS4=
8,27,wvvNzD/s+22Se6sCeuQ3wqSflWc=,X2qJP4iu7z7x1X1Db1USl3Nrvvs=
2,29,wvvNzD/s+22Se6sCeuQ3wqSflWc=,qipiUJlO6MqphUbGCox+l3BgvS4=
2,16,IfWj9Ays3HHTiUSpoWBNTYae8Rk=,qipiUJlO6MqphUbGCox+l3BgvS4=
7,28,wvvNzD/s+22Se6sCeuQ3wqSflWc=,qipiUJlO6MqphUbGCox+l3BgvS4=
15,26,wvvNzD/s+22Se6sCeuQ3wqSflWc=,X2qJP4iu7z7x1X1Db1USl3Nrvvs=
0,30,IfWj9Ays3HHTiUSpoWBNTYae8Rk=,qipiUJlO6MqphUbGCox+l3BgvS4=
11,29,wvvNzD/s+22Se6sCeuQ3wqSflWc=,X2qJP4iu7z7x1X1Db1USl3Nrvvs=
1,30,wvvNzD/s+22Se6sCeuQ3wqSflWc=,qipiUJlO6MqphUbGCox+l3BgvS4=
1,18,IfWj9Ays3HHTiUSpoWBNTYae8Rk=,qipiUJlO6MqphUbGCox+l3BgvS4=
2,19,IfWj9Ays3HHTiUSpoWBNTYae8Rk=,qipiUJlO6MqphUbGCox+l3BgvS4=
6,28,wvvNzD/s+22Se6sCeuQ3wqSflWc=,qipiUJlO6MqphUbGCox+l3BgvS4=
7,19,wvvNzD/s+22Se6sCeuQ3wqSflWc=,qipiUJlO6MqphUbGCox+l3BgvS4=
2,18,IfWj9Ays3HHTiUSpoWBNTYae8Rk=,qipiUJlO6MqphUbGCox+l3BgvS4=
11,23,wvvNzD/s+22Se6sCeuQ3wqSflWc=,h2fz1A0qPtW+hGK+WYxSz0NYbgo=
0,18,wvvNzD/s+22Se6sCeuQ3wqSflWc=,qipiUJlO6MqphUbGCox+l3BgvS4=
14,24,wvvNzD/s+22Se6sCeuQ3wqSflWc=,X2qJP4iu7z7x1X1Db1USl3Nrvvs=
0,29,IfWj9Ays3HHTiUSpoWBNTYae8Rk=,qipiUJlO6MqphUbGCox+l3BgvS4=
0,28,wvvNzD/s+22Se6sCeuQ3wqSflWc=,qipiUJlO6MqphUbGCox+l3BgvS4=
3,19,IfWj9Ays3HHTiUSpoWBNTYae8Rk=,qipiUJlO6MqphUbGCox+l3BgvS4=
7,17,IfWj9Ays3HHTiUSpoWBNTYae8Rk=,qipiUJlO6MqphUbGCox+l3BgvS4=
3,30,wvvNzD/s+22Se6sCeuQ3wqSflWc=,qipiUJlO6MqphUbGCox+l3BgvS4=
13,24,wvvNzD/s+22Se6sCeuQ3wqSflWc=,X2qJP4iu7z7x1X1Db1USl3Nrvvs=
13,27,wvvNzD/s+22Se6sCeuQ3wqSflWc=,X2qJP4iu7z7x1X1Db1USl3Nrvvs=
10,29,wvvNzD/s+22Se6sCeuQ3wqSflWc=,X2qJP4iu7z7x1X1Db1USl3Nrvvs=
3,18,IfWj9Ays3HHTiUSpoWBNTYae8Rk=,qipiUJlO6MqphUbGCox+l3BgvS4=
0,17,wvvNzD/s+22Se6sCeuQ3wqSflWc=,qipiUJlO6MqphUbGCox+l3BgvS4=
10,23,wvvNzD/s+22Se6sCeuQ3wqSflWc=,h2fz1A0qPtW+hGK+WYxSz0NYbgo=
6,19,wvvNzD/s+22Se6sCeuQ3wqSflWc=,qipiUJlO6MqphUbGCox+l3BgvS4=
0,19,wvvNzD/s+22Se6sCeuQ3wqSflWc=,qipiUJlO6MqphUbGCox+l3BgvS4=
2,30,wvvNzD/s+22Se6sCeuQ3wqSflWc=,qipiUJlO6MqphUbGCox+l3BgvS4=
11,28,wvvNzD/s+22Se6sCeuQ3wqSflWc=,X2qJP4iu7z7x1X1Db1USl3Nrvvs=
14,27,wvvNzD/s+22Se6sCeuQ3wqSflWc=,X2qJP4iu7z7x1X1Db1USl3Nrvvs=
12,24,wvvNzD/s+22Se6sCeuQ3wqSflWc=,X2qJP4iu7z7x1X1Db1USl3Nrvvs=
13,28,wvvNzD/s+22Se6sCeuQ3wqSflWc=,X2qJP4iu7z7x1X1Db1USl3Nrvvs=
12,29,wvvNzD/s+22Se6sCeuQ3wqSflWc=,X2qJP4iu7z7x1X1Db1USl3Nrvvs=
12,28,wvvNzD/s+22Se6sCeuQ3wqSflWc=,X2qJP4iu7z7x1X1Db1USl3Nrvvs=
9,29,wvvNzD/s+22Se6sCeuQ3wqSflWc=,X2qJP4iu7z7x1X1Db1USl3Nrvvs=
14,28,wvvNzD/s+22Se6sCeuQ3wqSflWc=,X2qJP4iu7z7x1X1Db1USl3Nrvvs=
13,29,wvvNzD/s+22Se6sCeuQ3wqSflWc=,X2qJP4iu7z7x1X1Db1USl3Nrvvs=
14,29,wvvNzD/s+22Se6sCeuQ3wqSflWc=,X2qJP4iu7z7x1X1Db1USl3Nrvvs=
9,23,wvvNzD/s+22Se6sCeuQ3wqSflWc=,h2fz1A0qPtW+hGK+WYxSz0NYbgo=
12,30,wvvNzD/s+22Se6sCeuQ3wqSflWc=,X2qJP4iu7z7x1X1Db1USl3Nrvvs=
12,25,wvvNzD/s+22Se6sCeuQ3wqSflWc=,X2qJP4iu7z7x1X1Db1USl3Nrvvs=
14,25,wvvNzD/s+22Se6sCeuQ3wqSflWc=,X2qJP4iu7z7x1X1Db1USl3Nrvvs=
13,30,wvvNzD/s+22Se6sCeuQ3wqSflWc=,X2qJP4iu7z7x1X1Db1USl3Nrvvs=
14,30,wvvNzD/s+22Se6sCeuQ3wqSflWc=,X2qJP4iu7z7x1X1Db1USl3Nrvvs=
4,24,wvvNzD/s+22Se6sCeuQ3wqSflWc=,qipiUJlO6MqphUbGCox+l3BgvS4=
3,24,wvvNzD/s+22Se6sCeuQ3wqSflWc=,qipiUJlO6MqphUbGCox+l3BgvS4=
11,24,wvvNzD/s+22Se6sCeuQ3wqSflWc=,X2qJP4iu7z7x1X1Db1USl3Nrvvs=
13,25,wvvNzD/s+22Se6sCeuQ3wqSflWc=,X2qJP4iu7z7x1X1Db1USl3Nrvvs=
3,22,wvvNzD/s+22Se6sCeuQ3wqSflWc=,qipiUJlO6MqphUbGCox+l3BgvS4=
2,24,wvvNzD/s+22Se6sCeuQ3wqSflWc=,qipiUJlO6MqphUbGCox+l3BgvS4=
2,22,wvvNzD/s+22Se6sCeuQ3wqSflWc=,qipiUJlO6MqphUbGCox+l3BgvS4=
7,18,IfWj9Ays3HHTiUSpoWBNTYae8Rk=,qipiUJlO6MqphUbGCox+l3BgvS4=
8,24,wvvNzD/s+22Se6sCeuQ3wqSflWc=,X2qJP4iu7z7x1X1Db1USl3Nrvvs=
7,20,IfWj9Ays3HHTiUSpoWBNTYae8Rk=,qipiUJlO6MqphUbGCox+l3BgvS4=
8,22,wvvNzD/s+22Se6sCeuQ3wqSflWc=,h2fz1A0qPtW+hGK+WYxSz0NYbgo=
1,22,wvvNzD/s+22Se6sCeuQ3wqSflWc=,qipiUJlO6MqphUbGCox+l3BgvS4=
6,17,wvvNzD/s+22Se6sCeuQ3wqSflWc=,qipiUJlO6MqphUbGCox+l3BgvS4=
6,20,IfWj9Ays3HHTiUSpoWBNTYae8Rk=,qipiUJlO6MqphUbGCox+l3BgvS4=
1,24,wvvNzD/s+22Se6sCeuQ3wqSflWc=,qipiUJlO6MqphUbGCox+l3BgvS4=
6,18,wvvNzD/s+22Se6sCeuQ3wqSflWc=,qipiUJlO6MqphUbGCox+l3BgvS4=
8,21,wvvNzD/s+22Se6sCeuQ3wqSflWc=,h2fz1A0qPtW+hGK+WYxSz0NYbgo=
10,24,wvvNzD/s+22Se6sCeuQ3wqSflWc=,X2qJP4iu7z7x1X1Db1USl3Nrvvs=
5,20,IfWj9Ays3HHTiUSpoWBNTYae8Rk=,qipiUJlO6MqphUbGCox+l3BgvS4=
5,18,wvvNzD/s+22Se6sCeuQ3wqSflWc=,qipiUJlO6MqphUbGCox+l3BgvS4=
4,23,IfWj9Ays3HHTiUSpoWBNTYae8Rk=,qipiUJlO6MqphUbGCox+l3BgvS4=
8,20,wvvNzD/s+22Se6sCeuQ3wqSflWc=,h2fz1A0qPtW+hGK+WYxSz0NYbgo=
4,20,IfWj9Ays3HHTiUSpoWBNTYae8Rk=,qipiUJlO6MqphUbGCox+l3BgvS4=
3,23,IfWj9Ays3HHTiUSpoWBNTYae8Rk=,qipiUJlO6MqphUbGCox+l3BgvS4=
2,23,IfWj9Ays3HHTiUSpoWBNTYae8Rk=,qipiUJlO6MqphUbGCox+l3BgvS4=
8,19,wvvNzD/s+22Se6sCeuQ3wqSflWc=,h2fz1A0qPtW+hGK+WYxSz0NYbgo=
4,19,wvvNzD/s+22Se6sCeuQ3wqSflWc=,qipiUJlO6MqphUbGCox+l3BgvS4=
1,23,IfWj9Ays3HHTiUSpoWBNTYae8Rk=,qipiUJlO6MqphUbGCox+l3BgvS4=
5,19,wvvNzD/s+22Se6sCeuQ3wqSflWc=,qipiUJlO6MqphUbGCox+l3BgvS4=
9,24,wvvNzD/s+22Se6sCeuQ3wqSflWc=,X2qJP4iu7z7x1X1Db1USl3Nrvvs=
9,27,wvvNzD/s+22Se6sCeuQ3wqSflWc=,X2qJP4iu7z7x1X1Db1USl3Nrvvs=
4,18,wvvNzD/s+22Se6sCeuQ3wqSflWc=,qipiUJlO6MqphUbGCox+l3BgvS4=
9,25,wvvNzD/s+22Se6sCeuQ3wqSflWc=,X2qJP4iu7z7x1X1Db1USl3Nrvvs=
10,27,wvvNzD/s+22Se6sCeuQ3wqSflWc=,X2qJP4iu7z7x1X1Db1USl3Nrvvs=
10,25,wvvNzD/s+22Se6sCeuQ3wqSflWc=,X2qJP4iu7z7x1X1Db1USl3Nrvvs=
11,25,wvvNzD/s+22Se6sCeuQ3wqSflWc=,X2qJP4iu7z7x1X1Db1USl3Nrvvs=
9,26,wvvNzD/s+22Se6sCeuQ3wqSflWc=,X2qJP4iu7z7x1X1Db1USl3Nrvvs=
10,26,wvvNzD/s+22Se6sCeuQ3wqSflWc=,X2qJP4iu7z7x1X1Db1USl3Nrvvs=
11,27,wvvNzD/s+22Se6sCeuQ3wqSflWc=,X2qJP4iu7z7x1X1Db1USl3Nrvvs=
9,20,wvvNzD/s+22Se6sCeuQ3wqSflWc=,h2fz1A0qPtW+hGK+WYxSz0NYbgo=
11,22,wvvNzD/s+22Se6sCeuQ3wqSflWc=,h2fz1A0qPtW+hGK+WYxSz0NYbgo=
10,21,wvvNzD/s+22Se6sCeuQ3wqSflWc=,h2fz1A0qPtW+hGK+WYxSz0NYbgo=
9,21,wvvNzD/s+22Se6sCeuQ3wqSflWc=,h2fz1A0qPtW+hGK+WYxSz0NYbgo=
10,20,wvvNzD/s+22Se6sCeuQ3wqSflWc=,h2fz1A0qPtW+hGK+WYxSz0NYbgo=
11,26,wvvNzD/s+22Se6sCeuQ3wqSflWc=,X2qJP4iu7z7x1X1Db1USl3Nrvvs=
11,21,wvvNzD/s+22Se6sCeuQ3wqSflWc=,h2fz1A0qPtW+hGK+WYxSz0NYbgo=
10,22,wvvNzD/s+22Se6sCeuQ3wqSflWc=,h2fz1A0qPtW+hGK+WYxSz0NYbgo=
9,22,wvvNzD/s+22Se6sCeuQ3wqSflWc=,h2fz1A0qPtW+hGK+WYxSz0NYbgo=
11,20,wvvNzD/s+22Se6sCeuQ3wqSflWc=,h2fz1A0qPtW+hGK+WYxSz0NYbgo=
23,23,oHTREDldcairCQ1lkIRDV9yzvtQ=,qipiUJlO6MqphUbGCox+l3BgvS4=
23,20,oHTREDldcairCQ1lkIRDV9yzvtQ=,qipiUJlO6MqphUbGCox+l3BgvS4=
31,25,/Mu5kQLA4GEG5Z3XNmYujdn87M0=,h2fz1A0qPtW+hGK+WYxSz0NYbgo=
22,20,pOP/mrkyqlKIzFAJf5l//ML525s=,qipiUJlO6MqphUbGCox+l3BgvS4=
16,25,/Mu5kQLA4GEG5Z3XNmYujdn87M0=,qipiUJlO6MqphUbGCox+l3BgvS4=
16,20,/Mu5kQLA4GEG5Z3XNmYujdn87M0=,qipiUJlO6MqphUbGCox+l3BgvS4=
31,24,/Mu5kQLA4GEG5Z3XNmYujdn87M0=,h2fz1A0qPtW+hGK+WYxSz0NYbgo=
21,20,oHTREDldcairCQ1lkIRDV9yzvtQ=,qipiUJlO6MqphUbGCox+l3BgvS4=
24,23,oHTREDldcairCQ1lkIRDV9yzvtQ=,h2fz1A0qPtW+hGK+WYxSz0NYbgo=
31,27,/Mu5kQLA4GEG5Z3XNmYujdn87M0=,h2fz1A0qPtW+hGK+WYxSz0NYbgo=
16,27,/Mu5kQLA4GEG5Z3XNmYujdn87M0=,qipiUJlO6MqphUbGCox+l3BgvS4=
31,20,oHTREDldcairCQ1lkIRDV9yzvtQ=,h2fz1A0qPtW+hGK+WYxSz0NYbgo=
23,24,/Mu5kQLA4GEG5Z3XNmYujdn87M0=,qipiUJlO6MqphUbGCox+l3BgvS4=
21,21,oHTREDldcairCQ1lkIRDV9yzvtQ=,qipiUJlO6MqphUbGCox+l3BgvS4=
31,21,oHTREDldcairCQ1lkIRDV9yzvtQ=,h2fz1A0qPtW+hGK+WYxSz0NYbgo=
20,20,oHTREDldcairCQ1lkIRDV9yzvtQ=,qipiUJlO6MqphUbGCox+l3BgvS4=
31,26,/Mu5kQLA4GEG5Z3XNmYujdn87M0=,h2fz1A0qPtW+hGK+WYxSz0NYbgo=
16,26,/Mu5kQLA4GEG5Z3XNmYujdn87M0=,qipiUJlO6MqphUbGCox+l3BgvS4=
21,23,pOP/mrkyqlKIzFAJf5l//ML525s=,qipiUJlO6MqphUbGCox+l3BgvS4=
28,20,oHTREDldcairCQ1lkIRDV9yzvtQ=,h2fz1A0qPtW+hGK+WYxSz0NYbgo=
29,26,/Mu5kQLA4GEG5Z3XNmYujdn87M0=,h2fz1A0qPtW+hGK+WYxSz0NYbgo=
28,26,/Mu5kQLA4GEG5Z3XNmYujdn87M0=,h2fz1A0qPtW+hGK+WYxSz0NYbgo=
23,16,/Mu5kQLA4GEG5Z3XNmYujdn87M0=,qipiUJlO6MqphUbGCox+l3BgvS4=
31,22,oHTREDldcairCQ1lkIRDV9yzvtQ=,h2fz1A0qPtW+hGK+WYxSz0NYbgo=
20,23,oHTREDldcairCQ1lkIRDV9yzvtQ=,qipiUJlO6MqphUbGCox+l3BgvS4=
19,25,/Mu5kQLA4GEG5Z3XNmYujdn87M0=,qipiUJlO6MqphUbGCox+l3BgvS4=
30,25,/Mu5kQLA4GEG5Z3XNmYujdn87M0=,h2fz1A0qPtW+hGK+WYxSz0NYbgo=
30,26,/Mu5kQLA4GEG5Z3XNmYujdn87M0=,h2fz1A0qPtW+hGK+WYxSz0NYbgo=
22,22,oHTREDldcairCQ1lkIRDV9yzvtQ=,qipiUJlO6MqphUbGCox+l3BgvS4=
29,20,oHTREDldcairCQ1lkIRDV9yzvtQ=,h2fz1A0qPtW+hGK+WYxSz0NYbgo=
18,25,/Mu5kQLA4GEG5Z3XNmYujdn87M0=,qipiUJlO6MqphUbGCox+l3BgvS4=
31,23,oHTREDldcairCQ1lkIRDV9yzvtQ=,h2fz1A0qPtW+hGK+WYxSz0NYbgo=
16,23,/Mu5kQLA4GEG5Z3XNmYujdn87M0=,qipiUJlO6MqphUbGCox+l3BgvS4=
16,22,oHTREDldcairCQ1lkIRDV9yzvtQ=,qipiUJlO6MqphUbGCox+l3BgvS4=
22,31,/Mu5kQLA4GEG5Z3XNmYujdn87M0=,qipiUJlO6MqphUbGCox+l3BgvS4=
21,16,oHTREDldcairCQ1lkIRDV9yzvtQ=,qipiUJlO6MqphUbGCox+l3BgvS4=
29,25,/Mu5kQLA4GEG5Z3XNmYujdn87M0=,h2fz1A0qPtW+hGK+WYxSz0NYbgo=
29,27,/Mu5kQLA4GEG5Z3XNmYujdn87M0=,h2fz1A0qPtW+hGK+WYxSz0NYbgo=
17,25,/Mu5kQLA4GEG5Z3XNmYujdn87M0=,qipiUJlO6MqphUbGCox+l3BgvS4=
28,27,/Mu5kQLA4GEG5Z3XNmYujdn87M0=,h2fz1A0qPtW+hGK+WYxSz0NYbgo=
22,23,pOP/mrkyqlKIzFAJf5l//ML525s=,qipiUJlO6MqphUbGCox+l3BgvS4=
30,27,/Mu5kQLA4GEG5Z3XNmYujdn87M0=,h2fz1A0qPtW+hGK+WYxSz0NYbgo=
20,16,oHTREDldcairCQ1lkIRDV9yzvtQ=,qipiUJlO6MqphUbGCox+l3BgvS4=
21,31,/Mu5kQLA4GEG5Z3XNmYujdn87M0=,qipiUJlO6MqphUbGCox+l3BgvS4=
30,23,oHTREDldcairCQ1lkIRDV9yzvtQ=,h2fz1A0qPtW+hGK+WYxSz0NYbgo=
19,27,/Mu5kQLA4GEG5Z3XNmYujdn87M0=,qipiUJlO6MqphUbGCox+l3BgvS4=
28,25,/Mu5kQLA4GEG5Z3XNmYujdn87M0=,h2fz1A0qPtW+hGK+WYxSz0NYbgo=
30,20,oHTREDldcairCQ1lkIRDV9yzvtQ=,h2fz1A0qPtW+hGK+WYxSz0NYbgo=
16,24,/Mu5kQLA4GEG5Z3XNmYujdn87M0=,qipiUJlO6MqphUbGCox+l3BgvS4=
30,24,/Mu5kQLA4GEG5Z3XNmYujdn87M0=,h2fz1A0qPtW+hGK+WYxSz0NYbgo=
16,21,/Mu5kQLA4GEG5Z3XNmYujdn87M0=,qipiUJlO6MqphUbGCox+l3BgvS4=
28,24,/Mu5kQLA4GEG5Z3XNmYujdn87M0=,h2fz1A0qPtW+hGK+WYxSz0NYbgo=
29,24,/Mu5kQLA4GEG5Z3XNmYujdn87M0=,h2fz1A0qPtW+hGK+WYxSz0NYbgo=
29,23,oHTREDldcairCQ1lkIRDV9yzvtQ=,h2fz1A0qPtW+hGK+WYxSz0NYbgo=
20,31,/Mu5kQLA4GEG5Z3XNmYujdn87M0=,qipiUJlO6MqphUbGCox+l3BgvS4=
18,27,/Mu5kQLA4GEG5Z3XNmYujdn87M0=,qipiUJlO6MqphUbGCox+l3BgvS4=
22,16,oHTREDldcairCQ1lkIRDV9yzvtQ=,qipiUJlO6MqphUbGCox+l3BgvS4=
17,26,/Mu5kQLA4GEG5Z3XNmYujdn87M0=,qipiUJlO6MqphUbGCox+l3BgvS4=
28,21,oHTREDldcairCQ1lkIRDV9yzvtQ=,h2fz1A0qPtW+hGK+WYxSz0NYbgo=
17,27,/Mu5kQLA4GEG5Z3XNmYujdn87M0=,qipiUJlO6MqphUbGCox+l3BgvS4=
23,30,oHTREDldcairCQ1lkIRDV9yzvtQ=,qipiUJlO6MqphUbGCox+l3BgvS4=
20,21,oHTREDldcairCQ1lkIRDV9yzvtQ=,qipiUJlO6MqphUbGCox+l3BgvS4=
28,23,oHTREDldcairCQ1lkIRDV9yzvtQ=,h2fz1A0qPtW+hGK+WYxSz0NYbgo=
23,25,/Mu5kQLA4GEG5Z3XNmYujdn87M0=,qipiUJlO6MqphUbGCox+l3BgvS4=
19,31,oHTREDldcairCQ1lkIRDV9yzvtQ=,qipiUJlO6MqphUbGCox+l3BgvS4=
29,21,oHTREDldcairCQ1lkIRDV9yzvtQ=,h2fz1A0qPtW+hGK+WYxSz0NYbgo=
18,26,/Mu5kQLA4GEG5Z3XNmYujdn87M0=,qipiUJlO6MqphUbGCox+l3BgvS4=
23,31,oHTREDldcairCQ1lkIRDV9yzvtQ=,qipiUJlO6MqphUbGCox+l3BgvS4=
19,26,/Mu5kQLA4GEG5Z3XNmYujdn87M0=,qipiUJlO6MqphUbGCox+l3BgvS4=
30,22,pOP/mrkyqlKIzFAJf5l//ML525s=,h2fz1A0qPtW+hGK+WYxSz0NYbgo=
24,31,/Mu5kQLA4GEG5Z3XNmYujdn87M0=,h2fz1A0qPtW+hGK+WYxSz0NYbgo=
23,29,oHTREDldcairCQ1lkIRDV9yzvtQ=,qipiUJlO6MqphUbGCox+l3BgvS4=
30,21,oHTREDldcairCQ1lkIRDV9yzvtQ=,h2fz1A0qPtW+hGK+WYxSz0NYbgo=
31,16,oHTREDldcairCQ1lkIRDV9yzvtQ=,h2fz1A0qPtW+hGK+WYxSz0NYbgo=
16,31,oHTREDldcairCQ1lkIRDV9yzvtQ=,qipiUJlO6MqphUbGCox+l3BgvS4=
18,31,oHTREDldcairCQ1lkIRDV9yzvtQ=,qipiUJlO6MqphUbGCox+l3BgvS4=
19,21,/Mu5kQLA4GEG5Z3XNmYujdn87M0=,qipiUJlO6MqphUbGCox+l3BgvS4=
27,23,oHTREDldcairCQ1lkIRDV9yzvtQ=,h2fz1A0qPtW+hGK+WYxSz0NYbgo=
25,31,oHTREDldcairCQ1lkIRDV9yzvtQ=,h2fz1A0qPtW+hGK+WYxSz0NYbgo=
22,28,/Mu5kQLA4GEG5Z3XNmYujdn87M0=,qipiUJlO6MqphUbGCox+l3BgvS4=
23,28,oHTREDldcairCQ1lkIRDV9yzvtQ=,qipiUJlO6MqphUbGCox+l3BgvS4=
17,19,/Mu5kQLA4GEG5Z3XNmYujdn87M0=,qipiUJlO6MqphUbGCox+l3BgvS4=
26,28,/Mu5kQLA4GEG5Z3XNmYujdn87M0=,h2fz1A0qPtW+hGK+WYxSz0NYbgo=
21,29,/Mu5kQLA4GEG5Z3XNmYujdn87M0=,qipiUJlO6MqphUbGCox+l3BgvS4=
22,29,/Mu5kQLA4GEG5Z3XNmYujdn87M0=,qipiUJlO6MqphUbGCox+l3BgvS4=
27,28,/Mu5kQLA4GEG5Z3XNmYujdn87M0=,h2fz1A0qPtW+hGK+WYxSz0NYbgo=
25,28,/Mu5kQLA4GEG5Z3XNmYujdn87M0=,h2fz1A0qPtW+hGK+WYxSz0NYbgo=
20,29,/Mu5kQLA4GEG5Z3XNmYujdn87M0=,qipiUJlO6MqphUbGCox+l3BgvS4=
20,30,/Mu5kQLA4GEG5Z3XNmYujdn87M0=,qipiUJlO6MqphUbGCox+l3BgvS4=
20,28,/Mu5kQLA4GEG5Z3XNmYujdn87M0=,qipiUJlO6MqphUbGCox+l3BgvS4=
24,28,/Mu5kQLA4GEG5Z3XNmYujdn87M0=,h2fz1A0qPtW+hGK+WYxSz0NYbgo=
21,28,/Mu5kQLA4GEG5Z3XNmYujdn87M0=,qipiUJlO6MqphUbGCox+l3BgvS4=
17,31,oHTREDldcairCQ1lkIRDV9yzvtQ=,qipiUJlO6MqphUbGCox+l3BgvS4=
29,22,oHTREDldcairCQ1lkIRDV9yzvtQ=,h2fz1A0qPtW+hGK+WYxSz0NYbgo=
21,30,/Mu5kQLA4GEG5Z3XNmYujdn87M0=,qipiUJlO6MqphUbGCox+l3BgvS4=
26,23,oHTREDldcairCQ1lkIRDV9yzvtQ=,h2fz1A0qPtW+hGK+WYxSz0NYbgo=
28,22,oHTREDldcairCQ1lkIRDV9yzvtQ=,h2fz1A0qPtW+hGK+WYxSz0NYbgo=
31,19,oHTREDldcairCQ1lkIRDV9yzvtQ=,h2fz1A0qPtW+hGK+WYxSz0NYbgo=
27,26,/Mu5kQLA4GEG5Z3XNmYujdn87M0=,h2fz1A0qPtW+hGK+WYxSz0NYbgo=
16,30,oHTREDldcairCQ1lkIRDV9yzvtQ=,qipiUJlO6MqphUbGCox+l3BgvS4=
25,25,/Mu5kQLA4GEG5Z3XNmYujdn87M0=,h2fz1A0qPtW+hGK+WYxSz0NYbgo=
25,23,oHTREDldcairCQ1lkIRDV9yzvtQ=,h2fz1A0qPtW+hGK+WYxSz0NYbgo=
26,26,/Mu5kQLA4GEG5Z3XNmYujdn87M0=,h2fz1A0qPtW+hGK+WYxSz0NYbgo=
27,25,/Mu5kQLA4GEG5Z3XNmYujdn87M0=,h2fz1A0qPtW+hGK+WYxSz0NYbgo=
24,26,/Mu5kQLA4GEG5Z3XNmYujdn87M0=,h2fz1A0qPtW+hGK+WYxSz0NYbgo=
26,24,/Mu5kQLA4GEG5Z3XNmYujdn87M0=,h2fz1A0qPtW+hGK+WYxSz0NYbgo=
25,24,/Mu5kQLA4GEG5Z3XNmYujdn87M0=,h2fz1A0qPtW+hGK+WYxSz0NYbgo=
26,25,/Mu5kQLA4GEG5Z3XNmYujdn87M0=,h2fz1A0qPtW+hGK+WYxSz0NYbgo=
25,26,/Mu5kQLA4GEG5Z3XNmYujdn87M0=,h2fz1A0qPtW+hGK+WYxSz0NYbgo=
27,24,/Mu5kQLA4GEG5Z3XNmYujdn87M0=,h2fz1A0qPtW+hGK+WYxSz0NYbgo=
16,29,oHTREDldcairCQ1lkIRDV9yzvtQ=,qipiUJlO6MqphUbGCox+l3BgvS4=
31,18,/Mu5kQLA4GEG5Z3XNmYujdn87M0=,h2fz1A0qPtW+hGK+WYxSz0NYbgo=
23,27,/Mu5kQLA4GEG5Z3XNmYujdn87M0=,qipiUJlO6MqphUbGCox+l3BgvS4=
24,25,/Mu5kQLA4GEG5Z3XNmYujdn87M0=,h2fz1A0qPtW+hGK+WYxSz0NYbgo=
27,27,/Mu5kQLA4GEG5Z3XNmYujdn87M0=,h2fz1A0qPtW+hGK+WYxSz0NYbgo=
26,27,/Mu5kQLA4GEG5Z3XNmYujdn87M0=,h2fz1A0qPtW+hGK+WYxSz0NYbgo=
24,27,/Mu5kQLA4GEG5Z3XNmYujdn87M0=,h2fz1A0qPtW+hGK+WYxSz0NYbgo=
16,28,oHTREDldcairCQ1lkIRDV9yzvtQ=,qipiUJlO6MqphUbGCox+l3BgvS4=
26,22,oHTREDldcairCQ1lkIRDV9yzvtQ=,h2fz1A0qPtW+hGK+WYxSz0NYbgo=
27,22,oHTREDldcairCQ1lkIRDV9yzvtQ=,h2fz1A0qPtW+hGK+WYxSz0NYbgo=
25,27,/Mu5kQLA4GEG5Z3XNmYujdn87M0=,h2fz1A0qPtW+hGK+WYxSz0NYbgo=
23,26,/Mu5kQLA4GEG5Z3XNmYujdn87M0=,qipiUJlO6MqphUbGCox+l3BgvS4=
25,22,oHTREDldcairCQ1lkIRDV9yzvtQ=,h2fz1A0qPtW+hGK+WYxSz0NYbgo=
26,21,oHTREDldcairCQ1lkIRDV9yzvtQ=,h2fz1A0qPtW+hGK+WYxSz0NYbgo=
27,21,oHTREDldcairCQ1lkIRDV9yzvtQ=,h2fz1A0qPtW+hGK+WYxSz0NYbgo=
25,21,oHTREDldcairCQ1lkIRDV9yzvtQ=,h2fz1A0qPtW+hGK+WYxSz0NYbgo=
27,20,oHTREDldcairCQ1lkIRDV9yzvtQ=,h2fz1A0qPtW+hGK+WYxSz0NYbgo=
21,25,oHTREDldcairCQ1lkIRDV9yzvtQ=,qipiUJlO6MqphUbGCox+l3BgvS4=
19,30,oHTREDldcairCQ1lkIRDV9yzvtQ=,qipiUJlO6MqphUbGCox+l3BgvS4=
22,27,/Mu5kQLA4GEG5Z3XNmYujdn87M0=,qipiUJlO6MqphUbGCox+l3BgvS4=
21,27,/Mu5kQLA4GEG5Z3XNmYujdn87M0=,qipiUJlO6MqphUbGCox+l3BgvS4=
22,25,oHTREDldcairCQ1lkIRDV9yzvtQ=,qipiUJlO6MqphUbGCox+l3BgvS4=
20,27,/Mu5kQLA4GEG5Z3XNmYujdn87M0=,qipiUJlO6MqphUbGCox+l3BgvS4=
20,25,pOP/mrkyqlKIzFAJf5l//ML525s=,qipiUJlO6MqphUbGCox+l3BgvS4=
31,17,/Mu5kQLA4GEG5Z3XNmYujdn87M0=,h2fz1A0qPtW+hGK+WYxSz0NYbgo=
21,26,/Mu5kQLA4GEG5Z3XNmYujdn87M0=,qipiUJlO6MqphUbGCox+l3BgvS4=
26,20,oHTREDldcairCQ1lkIRDV9yzvtQ=,h2fz1A0qPtW+hGK+WYxSz0NYbgo=
22,26,/Mu5kQLA4GEG5Z3XNmYujdn87M0=,qipiUJlO6MqphUbGCox+l3BgvS4=
25,20,oHTREDldcairCQ1lkIRDV9yzvtQ=,h2fz1A0qPtW+hGK+WYxSz0NYbgo=
18,18,/Mu5kQLA4GEG5Z3XNmYujdn87M0=,qipiUJlO6MqphUbGCox+l3BgvS4=
17,21,/Mu5kQLA4GEG5Z3XNmYujdn87M0=,qipiUJlO6MqphUbGCox+l3BgvS4=
17,24,/Mu5kQLA4GEG5Z3XNmYujdn87M0=,qipiUJlO6MqphUbGCox+l3BgvS4=
24,19,oHTREDldcairCQ1lkIRDV9yzvtQ=,h2fz1A0qPtW+hGK+WYxSz0NYbgo=
23,22,oHTREDldcairCQ1lkIRDV9yzvtQ=,qipiUJlO6MqphUbGCox+l3BgvS4=
19,19,/Mu5kQLA4GEG5Z3XNmYujdn87M0=,qipiUJlO6MqphUbGCox+l3BgvS4=
17,23,/Mu5kQLA4GEG5Z3XNmYujdn87M0=,qipiUJlO6MqphUbGCox+l3BgvS4=
20,26,/Mu5kQLA4GEG5Z3XNmYujdn87M0=,qipiUJlO6MqphUbGCox+l3BgvS4=
22,21,oHTREDldcairCQ1lkIRDV9yzvtQ=,qipiUJlO6MqphUbGCox+l3BgvS4=
17,22,/Mu5kQLA4GEG5Z3XNmYujdn87M0=,qipiUJlO6MqphUbGCox+l3BgvS4=
18,23,/Mu5kQLA4GEG5Z3XNmYujdn87M0=,qipiUJlO6MqphUbGCox+l3BgvS4=
23,21,oHTREDldcairCQ1lkIRDV9yzvtQ=,qipiUJlO6MqphUbGCox+l3BgvS4=
19,23,/Mu5kQLA4GEG5Z3XNmYujdn87M0=,qipiUJlO6MqphUbGCox+l3BgvS4=
18,30,oHTREDldcairCQ1lkIRDV9yzvtQ=,qipiUJlO6MqphUbGCox+l3BgvS4=
18,22,/Mu5kQLA4GEG5Z3XNmYujdn87M0=,qipiUJlO6MqphUbGCox+l3BgvS4=
22,18,oHTREDldcairCQ1lkIRDV9yzvtQ=,qipiUJlO6MqphUbGCox+l3BgvS4=
17,17,/Mu5kQLA4GEG5Z3XNmYujdn87M0=,qipiUJlO6MqphUbGCox+l3BgvS4=
18,17,/Mu5kQLA4GEG5Z3XNmYujdn87M0=,qipiUJlO6MqphUbGCox+l3BgvS4=
19,18,/Mu5kQLA4GEG5Z3XNmYujdn87M0=,qipiUJlO6MqphUbGCox+l3BgvS4=
21,18,/Mu5kQLA4GEG5Z3XNmYujdn87M0=,qipiUJlO6MqphUbGCox+l3BgvS4=
20,18,oHTREDldcairCQ1lkIRDV9yzvtQ=,qipiUJlO6MqphUbGCox+l3BgvS4=
19,17,/Mu5kQLA4GEG5Z3XNmYujdn87M0=,qipiUJlO6MqphUbGCox+l3BgvS4=
20,19,/Mu5kQLA4GEG5Z3XNmYujdn87M0=,qipiUJlO6MqphUbGCox+l3BgvS4=
18,24,/Mu5kQLA4GEG5Z3XNmYujdn87M0=,qipiUJlO6MqphUbGCox+l3BgvS4=
24,20,oHTREDldcairCQ1lkIRDV9yzvtQ=,h2fz1A0qPtW+hGK+WYxSz0NYbgo=
17,30,oHTREDldcairCQ1lkIRDV9yzvtQ=,qipiUJlO6MqphUbGCox+l3BgvS4=
22,19,oHTREDldcairCQ1lkIRDV9yzvtQ=,qipiUJlO6MqphUbGCox+l3BgvS4=
19,24,/Mu5kQLA4GEG5Z3XNmYujdn87M0=,qipiUJlO6MqphUbGCox+l3BgvS4=
19,22,/Mu5kQLA4GEG5Z3XNmYujdn87M0=,qipiUJlO6MqphUbGCox+l3BgvS4=
24,21,oHTREDldcairCQ1lkIRDV9yzvtQ=,h2fz1A0qPtW+hGK+WYxSz0NYbgo=
23,19,oHTREDldcairCQ1lkIRDV9yzvtQ=,qipiUJlO6MqphUbGCox+l3BgvS4=
18,20,/Mu5kQLA4GEG5Z3XNmYujdn87M0=,qipiUJlO6MqphUbGCox+l3BgvS4=
21,19,oHTREDldcairCQ1lkIRDV9yzvtQ=,qipiUJlO6MqphUbGCox+l3BgvS4=
24,18,/Mu5kQLA4GEG5Z3XNmYujdn87M0=,h2fz1A0qPtW+hGK+WYxSz0NYbgo=
20,22,oHTREDldcairCQ1lkIRDV9yzvtQ=,qipiUJlO6MqphUbGCox+l3BgvS4=
19,29,/Mu5kQLA4GEG5Z3XNmYujdn87M0=,qipiUJlO6MqphUbGCox+l3BgvS4=
21,22,oHTREDldcairCQ1lkIRDV9yzvtQ=,qipiUJlO6MqphUbGCox+l3BgvS4=
19,20,/Mu5kQLA4GEG5Z3XNmYujdn87M0=,qipiUJlO6MqphUbGCox+l3BgvS4=
23,18,oHTREDldcairCQ1lkIRDV9yzvtQ=,qipiUJlO6MqphUbGCox+l3BgvS4=
17,20,/Mu5kQLA4GEG5Z3XNmYujdn87M0=,qipiUJlO6MqphUbGCox+l3BgvS4=
21,17,oHTREDldcairCQ1lkIRDV9yzvtQ=,qipiUJlO6MqphUbGCox+l3BgvS4=
20,17,oHTREDldcairCQ1lkIRDV9yzvtQ=,qipiUJlO6MqphUbGCox+l3BgvS4=
24,22,oHTREDldcairCQ1lkIRDV9yzvtQ=,h2fz1A0qPtW+hGK+WYxSz0NYbgo=
20,24,/Mu5kQLA4GEG5Z3XNmYujdn87M0=,qipiUJlO6MqphUbGCox+l3BgvS4=
21,24,/Mu5kQLA4GEG5Z3XNmYujdn87M0=,qipiUJlO6MqphUbGCox+l3BgvS4=
18,21,/Mu5kQLA4GEG5Z3XNmYujdn87M0=,qipiUJlO6MqphUbGCox+l3BgvS4=
24,17,oHTREDldcairCQ1lkIRDV9yzvtQ=,h2fz1A0qPtW+hGK+WYxSz0NYbgo=
18,29,/Mu5kQLA4GEG5Z3XNmYujdn87M0=,qipiUJlO6MqphUbGCox+l3BgvS4=
22,17,oHTREDldcairCQ1lkIRDV9yzvtQ=,qipiUJlO6MqphUbGCox+l3BgvS4=
23,17,oHTREDldcairCQ1lkIRDV9yzvtQ=,qipiUJlO6MqphUbGCox+l3BgvS4=
22,24,/Mu5kQLA4GEG5Z3XNmYujdn87M0=,qipiUJlO6MqphUbGCox+l3BgvS4=
26,31,oHTREDldcairCQ1lkIRDV9yzvtQ=,h2fz1A0qPtW+hGK+WYxSz0NYbgo=
27,31,oHTREDldcairCQ1lkIRDV9yzvtQ=,h2fz1A0qPtW+hGK+WYxSz0NYbgo=
24,24,/Mu5kQLA4GEG5Z3XNmYujdn87M0=,h2fz1A0qPtW+hGK+WYxSz0NYbgo=
28,31,oHTREDldcairCQ1lkIRDV9yzvtQ=,h2fz1A0qPtW+hGK+WYxSz0NYbgo=
30,31,oHTREDldcairCQ1lkIRDV9yzvtQ=,h2fz1A0qPtW+hGK+WYxSz0NYbgo=
29,31,oHTREDldcairCQ1lkIRDV9yzvtQ=,h2fz1A0qPtW+hGK+WYxSz0NYbgo=
31,31,/Mu5kQLA4GEG5Z3XNmYujdn87M0=,h2fz1A0qPtW+hGK+WYxSz0NYbgo=
31,30,/Mu5kQLA4GEG5Z3XNmYujdn87M0=,h2fz1A0qPtW+hGK+WYxSz0NYbgo=
17,29,/Mu5kQLA4GEG5Z3XNmYujdn87M0=,qipiUJlO6MqphUbGCox+l3BgvS4=
31,29,/Mu5kQLA4GEG5Z3XNmYujdn87M0=,h2fz1A0qPtW+hGK+WYxSz0NYbgo=
30,30,/Mu5kQLA4GEG5Z3XNmYujdn87M0=,h2fz1A0qPtW+hGK+WYxSz0NYbgo=
29,30,/Mu5kQLA4GEG5Z3XNmYujdn87M0=,h2fz1A0qPtW+hGK+WYxSz0NYbgo=
28,30,/Mu5kQLA4GEG5Z3XNmYujdn87M0=,h2fz1A0qPtW+hGK+WYxSz0NYbgo=
31,28,/Mu5kQLA4GEG5Z3XNmYujdn87M0=,h2fz1A0qPtW+hGK+WYxSz0NYbgo=
26,30,/Mu5kQLA4GEG5Z3XNmYujdn87M0=,h2fz1A0qPtW+hGK+WYxSz0NYbgo=
27,30,/Mu5kQLA4GEG5Z3XNmYujdn87M0=,h2fz1A0qPtW+hGK+WYxSz0NYbgo=
24,30,/Mu5kQLA4GEG5Z3XNmYujdn87M0=,h2fz1A0qPtW+hGK+WYxSz0NYbgo=
25,30,/Mu5kQLA4GEG5Z3XNmYujdn87M0=,h2fz1A0qPtW+hGK+WYxSz0NYbgo=
30,29,/Mu5kQLA4GEG5Z3XNmYujdn87M0=,h2fz1A0qPtW+hGK+WYxSz0NYbgo=
29,29,/Mu5kQLA4GEG5Z3XNmYujdn87M0=,h2fz1A0qPtW+hGK+WYxSz0NYbgo=
30,19,/Mu5kQLA4GEG5Z3XNmYujdn87M0=,h2fz1A0qPtW+hGK+WYxSz0NYbgo=
19,28,/Mu5kQLA4GEG5Z3XNmYujdn87M0=,qipiUJlO6MqphUbGCox+l3BgvS4=
28,29,/Mu5kQLA4GEG5Z3XNmYujdn87M0=,h2fz1A0qPtW+hGK+WYxSz0NYbgo=
27,29,/Mu5kQLA4GEG5Z3XNmYujdn87M0=,h2fz1A0qPtW+hGK+WYxSz0NYbgo=
26,29,/Mu5kQLA4GEG5Z3XNmYujdn87M0=,h2fz1A0qPtW+hGK+WYxSz0NYbgo=
30,28,/Mu5kQLA4GEG5Z3XNmYujdn87M0=,h2fz1A0qPtW+hGK+WYxSz0NYbgo=
25,29,/Mu5kQLA4GEG5Z3XNmYujdn87M0=,h2fz1A0qPtW+hGK+WYxSz0NYbgo=
28,28,/Mu5kQLA4GEG5Z3XNmYujdn87M0=,h2fz1A0qPtW+hGK+WYxSz0NYbgo=
22,30,/Mu5kQLA4GEG5Z3XNmYujdn87M0=,qipiUJlO6MqphUbGCox+l3BgvS4=
24,29,/Mu5kQLA4GEG5Z3XNmYujdn87M0=,h2fz1A0qPtW+hGK+WYxSz0NYbgo=
29,28,/Mu5kQLA4GEG5Z3XNmYujdn87M0=,h2fz1A0qPtW+hGK+WYxSz0NYbgo=
16,18,/Mu5kQLA4GEG5Z3XNmYujdn87M0=,qipiUJlO6MqphUbGCox+l3BgvS4=
16,19,/Mu5kQLA4GEG5Z3XNmYujdn87M0=,qipiUJlO6MqphUbGCox+l3BgvS4=
16,17,/Mu5kQLA4GEG5Z3XNmYujdn87M0=,qipiUJlO6MqphUbGCox+l3BgvS4=
17,16,/Mu5kQLA4GEG5Z3XNmYujdn87M0=,qipiUJlO6MqphUbGCox+l3BgvS4=
18,16,/Mu5kQLA4GEG5Z3XNmYujdn87M0=,qipiUJlO6MqphUbGCox+l3BgvS4=
19,16,/Mu5kQLA4GEG5Z3XNmYujdn87M0=,qipiUJlO6MqphUbGCox+l3BgvS4=
17,18,/Mu5kQLA4GEG5Z3XNmYujdn87M0=,qipiUJlO6MqphUbGCox+l3BgvS4=
18,28,oHTREDldcairCQ1lkIRDV9yzvtQ=,qipiUJlO6MqphUbGCox+l3BgvS4=
18,19,/Mu5kQLA4GEG5Z3XNmYujdn87M0=,qipiUJlO6MqphUbGCox+l3BgvS4=
16,16,/Mu5kQLA4GEG5Z3XNmYujdn87M0=,qipiUJlO6MqphUbGCox+l3BgvS4=
30,16,oHTREDldcairCQ1lkIRDV9yzvtQ=,h2fz1A0qPtW+hGK+WYxSz0NYbgo=
29,16,oHTREDldcairCQ1lkIRDV9yzvtQ=,h2fz1A0qPtW+hGK+WYxSz0NYbgo=
27,16,oHTREDldcairCQ1lkIRDV9yzvtQ=,h2fz1A0qPtW+hGK+WYxSz0NYbgo=
25,16,oHTREDldcairCQ1lkIRDV9yzvtQ=,h2fz1A0qPtW+hGK+WYxSz0NYbgo=
26,16,oHTREDldcairCQ1lkIRDV9yzvtQ=,h2fz1A0qPtW+hGK+WYxSz0NYbgo=
28,16,oHTREDldcairCQ1lkIRDV9yzvtQ=,h2fz1A0qPtW+hGK+WYxSz0NYbgo=
17,28,oHTREDldcairCQ1lkIRDV9yzvtQ=,qipiUJlO6MqphUbGCox+l3BgvS4=
24,16,oHTREDldcairCQ1lkIRDV9yzvtQ=,h2fz1A0qPtW+hGK+WYxSz0NYbgo=
25,17,/Mu5kQLA4GEG5Z3XNmYujdn87M0=,h2fz1A0qPtW+hGK+WYxSz0NYbgo=
26,17,/Mu5kQLA4GEG5Z3XNmYujdn87M0=,h2fz1A0qPtW+hGK+WYxSz0NYbgo=
28,17,/Mu5kQLA4GEG5Z3XNmYujdn87M0=,h2fz1A0qPtW+hGK+WYxSz0NYbgo=
25,18,/Mu5kQLA4GEG5Z3XNmYujdn87M0=,h2fz1A0qPtW+hGK+WYxSz0NYbgo=
27,18,/Mu5kQLA4GEG5Z3XNmYujdn87M0=,h2fz1A0qPtW+hGK+WYxSz0NYbgo=
29,19,/Mu5kQLA4GEG5Z3XNmYujdn87M0=,h2fz1A0qPtW+hGK+WYxSz0NYbgo=
27,17,/Mu5kQLA4GEG5Z3XNmYujdn87M0=,h2fz1A0qPtW+hGK+WYxSz0NYbgo=
26,18,/Mu5kQLA4GEG5Z3XNmYujdn87M0=,h2fz1A0qPtW+hGK+WYxSz0NYbgo=
25,19,/Mu5kQLA4GEG5Z3XNmYujdn87M0=,h2fz1A0qPtW+hGK+WYxSz0NYbgo=
28,18,/Mu5kQLA4GEG5Z3XNmYujdn87M0=,h2fz1A0qPtW+hGK+WYxSz0NYbgo=
29,17,/Mu5kQLA4GEG5Z3XNmYujdn87M0=,h2fz1A0qPtW+hGK+WYxSz0NYbgo=
26,19,/Mu5kQLA4GEG5Z3XNmYujdn87M0=,h2fz1A0qPtW+hGK+WYxSz0NYbgo=
27,19,/Mu5kQLA4GEG5Z3XNmYujdn87M0=,h2fz1A0qPtW+hGK+WYxSz0NYbgo=
30,17,/Mu5kQLA4GEG5Z3XNmYujdn87M0=,h2fz1A0qPtW+hGK+WYxSz0NYbgo=
28,19,/Mu5kQLA4GEG5Z3XNmYujdn87M0=,h2fz1A0qPtW+hGK+WYxSz0NYbgo=
29,18,/Mu5kQLA4GEG5Z3XNmYujdn87M0=,h2fz1A0qPtW+hGK+WYxSz0NYbgo=
30,18,/Mu5kQLA4GEG5Z3XNmYujdn87M0=,h2fz1A0qPtW+hGK+WYxSz0NYbgo=
23,4,v9eq199vzcCLH+n4eSsQm9i36vA=,qipiUJlO6MqphUbGCox+l3BgvS4=
22,4,UQ23LwbN3/cWOGOEzElCfjRr/Bs=,qipiUJlO6MqphUbGCox+l3BgvS4=
23,5,UQ23LwbN3/cWOGOEzElCfjRr/Bs=,qipiUJlO6MqphUbGCox+l3BgvS4=
23,6,v9eq199vzcCLH+n4eSsQm9i36vA=,qipiUJlO6MqphUbGCox+l3BgvS4=
27,0,UQ23LwbN3/cWOGOEzElCfjRr/Bs=,h2fz1A0qPtW+hGK+WYxSz0NYbgo=
21,4,UQ23LwbN3/cWOGOEzElCfjRr/Bs=,qipiUJlO6MqphUbGCox+l3BgvS4=
26,0,UQ23LwbN3/cWOGOEzElCfjRr/Bs=,h2fz1A0qPtW+hGK+WYxSz0NYbgo=
31,9,UQ23LwbN3/cWOGOEzElCfjRr/Bs=,qipiUJlO6MqphUbGCox+l3BgvS4=
25,0,UQ23LwbN3/cWOGOEzElCfjRr/Bs=,h2fz1A0qPtW+hGK+WYxSz0NYbgo=
23,8,UQ23LwbN3/cWOGOEzElCfjRr/Bs=,qipiUJlO6MqphUbGCox+l3BgvS4=
24,0,v9eq199vzcCLH+n4eSsQm9i36vA=,h2fz1A0qPtW+hGK+WYxSz0NYbgo=
22,6,v9eq199vzcCLH+n4eSsQm9i36vA=,qipiUJlO6MqphUbGCox+l3BgvS4=
31,8,UQ23LwbN3/cWOGOEzElCfjRr/Bs=,qipiUJlO6MqphUbGCox+l3BgvS4=
24,2,UQ23LwbN3/cWOGOEzElCfjRr/Bs=,h2fz1A0qPtW+hGK+WYxSz0NYbgo=
31,6,v9eq199vzcCLH+n4eSsQm9i36vA=,h2fz1A0qPtW+hGK+WYxSz0NYbgo=
31,11,UQ23LwbN3/cWOGOEzElCfjRr/Bs=,qipiUJlO6MqphUbGCox+l3BgvS4=
22,5,UQ23LwbN3/cWOGOEzElCfjRr/Bs=,qipiUJlO6MqphUbGCox+l3BgvS4=
31,10,UQ23LwbN3/cWOGOEzElCfjRr/Bs=,qipiUJlO6MqphUbGCox+l3BgvS4=
31,7,v9eq199vzcCLH+n4eSsQm9i36vA=,h2fz1A0qPtW+hGK+WYxSz0NYbgo=
21,0,v9eq199vzcCLH+n4eSsQm9i36vA=,qipiUJlO6MqphUbGCox+l3BgvS4=
29,10,UQ23LwbN3/cWOGOEzElCfjRr/Bs=,qipiUJlO6MqphUbGCox+l3BgvS4=
31,4,v9eq199vzcCLH+n4eSsQm9i36vA=,h2fz1A0qPtW+hGK+WYxSz0NYbgo=
28,10,UQ23LwbN3/cWOGOEzElCfjRr/Bs=,qipiUJlO6MqphUbGCox+l3BgvS4=
30,9,UQ23LwbN3/cWOGOEzElCfjRr/Bs=,qipiUJlO6MqphUbGCox+l3BgvS4=
20,4,UQ23LwbN3/cWOGOEzElCfjRr/Bs=,qipiUJlO6MqphUbGCox+l3BgvS4=
28,11,UQ23LwbN3/cWOGOEzElCfjRr/Bs=,qipiUJlO6MqphUbGCox+l3BgvS4=
30,10,UQ23LwbN3/cWOGOEzElCfjRr/Bs=,qipiUJlO6MqphUbGCox+l3BgvS4=
28,4,v9eq199vzcCLH+n4eSsQm9i36vA=,h2fz1A0qPtW+hGK+WYxSz0NYbgo=
29,11,UQ23LwbN3/cWOGOEzElCfjRr/Bs=,qipiUJlO6MqphUbGCox+l3BgvS4=
29,9,UQ23LwbN3/cWOGOEzElCfjRr/Bs=,qipiUJlO6MqphUbGCox+l3BgvS4=
31,3,UQ23LwbN3/cWOGOEzElCfjRr/Bs=,h2fz1A0qPtW+hGK+WYxSz0NYbgo=
24,1,UQ23LwbN3/cWOGOEzElCfjRr/Bs=,h2fz1A0qPtW+hGK+WYxSz0NYbgo=
31,5,UQ23LwbN3/cWOGOEzElCfjRr/Bs=,h2fz1A0qPtW+hGK+WYxSz0NYbgo=
29,4,v9eq199vzcCLH+n4eSsQm9i36vA=,h2fz1A0qPtW+hGK+WYxSz0NYbgo=
16,7,UQ23LwbN3/cWOGOEzElCfjRr/Bs=,qipiUJlO6MqphUbGCox+l3BgvS4=
30,11,UQ23LwbN3/cWOGOEzElCfjRr/Bs=,qipiUJlO6MqphUbGCox+l3BgvS4=
27,7,UQ23LwbN3/cWOGOEzElCfjRr/Bs=,h2fz1A0qPtW+hGK+WYxSz0NYbgo=
28,9,UQ23LwbN3/cWOGOEzElCfjRr/Bs=,qipiUJlO6MqphUbGCox+l3BgvS4=
20,0,v9eq199vzcCLH+n4eSsQm9i36vA=,qipiUJlO6MqphUbGCox+l3BgvS4=
24,7,UQ23LwbN3/cWOGOEzElCfjRr/Bs=,h2fz1A0qPtW+hGK+WYxSz0NYbgo=
29,8,UQ23LwbN3/cWOGOEzElCfjRr/Bs=,qipiUJlO6MqphUbGCox+l3BgvS4=
28,8,UQ23LwbN3/cWOGOEzElCfjRr/Bs=,qipiUJlO6MqphUbGCox+l3BgvS4=
28,5,v9eq199vzcCLH+n4eSsQm9i36vA=,h2fz1A0qPtW+hGK+WYxSz0NYbgo=
30,8,UQ23LwbN3/cWOGOEzElCfjRr/Bs=,qipiUJlO6MqphUbGCox+l3BgvS4=
27,10,UQ23LwbN3/cWOGOEzElCfjRr/Bs=,qipiUJlO6MqphUbGCox+l3BgvS4=
27,3,UQ23LwbN3/cWOGOEzElCfjRr/Bs=,h2fz1A0qPtW+hGK+WYxSz0NYbgo=
31,2,UQ23LwbN3/cWOGOEzElCfjRr/Bs=,h2fz1A0qPtW+hGK+WYxSz0NYbgo=
30,4,v9eq199vzcCLH+n4eSsQm9i36vA=,h2fz1A0qPtW+hGK+WYxSz0NYbgo=
29,5,UQ23LwbN3/cWOGOEzElCfjRr/Bs=,h2fz1A0qPtW+hGK+WYxSz0NYbgo=
16,9,UQ23LwbN3/cWOGOEzElCfjRr/Bs=,qipiUJlO6MqphUbGCox+l3BgvS4=
16,4,UQ23LwbN3/cWOGOEzElCfjRr/Bs=,qipiUJlO6MqphUbGCox+l3BgvS4=
26,10,UQ23LwbN3/cWOGOEzElCfjRr/Bs=,qipiUJlO6MqphUbGCox+l3BgvS4=
26,3,UQ23LwbN3/cWOGOEzElCfjRr/Bs=,h2fz1A0qPtW+hGK+WYxSz0NYbgo=
31,1,UQ23LwbN3/cWOGOEzElCfjRr/Bs=,h2fz1A0qPtW+hGK+WYxSz0NYbgo=
16,11,v9eq199vzcCLH+n4eSsQm9i36vA=,qipiUJlO6MqphUbGCox+l3BgvS4=
18,10,UQ23LwbN3/cWOGOEzElCfjRr/Bs=,qipiUJlO6MqphUbGCox+l3BgvS4=
17,10,UQ23LwbN3/cWOGOEzElCfjRr/Bs=,qipiUJlO6MqphUbGCox+l3BgvS4=
23,0,v9eq199vzcCLH+n4eSsQm9i36vA=,qipiUJlO6MqphUbGCox+l3BgvS4=
25,10,UQ23LwbN3/cWOGOEzElCfjRr/Bs=,qipiUJlO6MqphUbGCox+l3BgvS4=
25,3,UQ23LwbN3/cWOGOEzElCfjRr/Bs=,h2fz1A0qPtW+hGK+WYxSz0NYbgo=
16,5,v9eq199vzcCLH+n4eSsQm9i36vA=,qipiUJlO6MqphUbGCox+l3BgvS4=
19,10,UQ23LwbN3/cWOGOEzElCfjRr/Bs=,qipiUJlO6MqphUbGCox+l3BgvS4=
24,10,UQ23LwbN3/cWOGOEzElCfjRr/Bs=,qipiUJlO6MqphUbGCox+l3BgvS4=
30,7,v9eq199vzcCLH+n4eSsQm9i36vA=,h2fz1A0qPtW+hGK+WYxSz0NYbgo=
30,5,v9eq199vzcCLH+n4eSsQm9i36vA=,h2fz1A0qPtW+hGK+WYxSz0NYbgo=
30,0,UQ23LwbN3/cWOGOEzElCfjRr/Bs=,h2fz1A0qPtW+hGK+WYxSz0NYbgo=
17,11,UQ23LwbN3/cWOGOEzElCfjRr/Bs=,qipiUJlO6MqphUbGCox+l3BgvS4=
23,9,UQ23LwbN3/cWOGOEzElCfjRr/Bs=,qipiUJlO6MqphUbGCox+l3BgvS4=
18,11,UQ23LwbN3/cWOGOEzElCfjRr/Bs=,qipiUJlO6MqphUbGCox+l3BgvS4=
17,9,UQ23LwbN3/cWOGOEzElCfjRr/Bs=,qipiUJlO6MqphUbGCox+l3BgvS4=
27,2,UQ23LwbN3/cWOGOEzElCfjRr/Bs=,h2fz1A0qPtW+hGK+WYxSz0NYbgo=
19,11,UQ23LwbN3/cWOGOEzElCfjRr/Bs=,qipiUJlO6MqphUbGCox+l3BgvS4=
29,0,UQ23LwbN3/cWOGOEzElCfjRr/Bs=,h2fz1A0qPtW+hGK+WYxSz0NYbgo=
17,6,UQ23LwbN3/cWOGOEzElCfjRr/Bs=,qipiUJlO6MqphUbGCox+l3BgvS4=
26,7,UQ23LwbN3/cWOGOEzElCfjRr/Bs=,h2fz1A0qPtW+hGK+WYxSz0NYbgo=
18,9,UQ23LwbN3/cWOGOEzElCfjRr/Bs=,qipiUJlO6MqphUbGCox+l3BgvS4=
16,6,UQ23LwbN3/cWOGOEzElCfjRr/Bs=,qipiUJlO6MqphUbGCox+l3BgvS4=
28,0,UQ23LwbN3/cWOGOEzElCfjRr/Bs=,h2fz1A0qPtW+hGK+WYxSz0NYbgo=
31,0,UQ23LwbN3/cWOGOEzElCfjRr/Bs=,h2fz1A0qPtW+hGK+WYxSz0NYbgo=
25,7,UQ23LwbN3/cWOGOEzElCfjRr/Bs=,h2fz1A0qPtW+hGK+WYxSz0NYbgo=
23,7,v9eq199vzcCLH+n4eSsQm9i36vA=,qipiUJlO6MqphUbGCox+l3BgvS4=
29,7,UQ23LwbN3/cWOGOEzElCfjRr/Bs=,h2fz1A0qPtW+hGK+WYxSz0NYbgo=
30,3,UQ23LwbN3/cWOGOEzElCfjRr/Bs=,h2fz1A0qPtW+hGK+WYxSz0NYbgo=
28,6,v9eq199vzcCLH+n4eSsQm9i36vA=,h2fz1A0qPtW+hGK+WYxSz0NYbgo=
28,1,UQ23LwbN3/cWOGOEzElCfjRr/Bs=,h2fz1A0qPtW+hGK+WYxSz0NYbgo=
26,2,UQ23LwbN3/cWOGOEzElCfjRr/Bs=,h2fz1A0qPtW+hGK+WYxSz0NYbgo=
27,9,UQ23LwbN3/cWOGOEzElCfjRr/Bs=,qipiUJlO6MqphUbGCox+l3BgvS4=
19,9,UQ23LwbN3/cWOGOEzElCfjRr/Bs=,qipiUJlO6MqphUbGCox+l3BgvS4=
22,15,UQ23LwbN3/cWOGOEzElCfjRr/Bs=,qipiUJlO6MqphUbGCox+l3BgvS4=
22,0,UQ23LwbN3/cWOGOEzElCfjRr/Bs=,qipiUJlO6MqphUbGCox+l3BgvS4=
29,1,UQ23LwbN3/cWOGOEzElCfjRr/Bs=,h2fz1A0qPtW+hGK+WYxSz0NYbgo=
29,3,UQ23LwbN3/cWOGOEzElCfjRr/Bs=,h2fz1A0qPtW+hGK+WYxSz0NYbgo=
26,9,UQ23LwbN3/cWOGOEzElCfjRr/Bs=,qipiUJlO6MqphUbGCox+l3BgvS4=
17,8,UQ23LwbN3/cWOGOEzElCfjRr/Bs=,qipiUJlO6MqphUbGCox+l3BgvS4=
16,10,v9eq199vzcCLH+n4eSsQm9i36vA=,qipiUJlO6MqphUbGCox+l3BgvS4=
21,15,UQ23LwbN3/cWOGOEzElCfjRr/Bs=,qipiUJlO6MqphUbGCox+l3BgvS4=
30,1,UQ23LwbN3/cWOGOEzElCfjRr/Bs=,h2fz1A0qPtW+hGK+WYxSz0NYbgo=
19,4,UQ23LwbN3/cWOGOEzElCfjRr/Bs=,qipiUJlO6MqphUbGCox+l3BgvS4=
28,3,UQ23LwbN3/cWOGOEzElCfjRr/Bs=,h2fz1A0qPtW+hGK+WYxSz0NYbgo=
24,6,UQ23LwbN3/cWOGOEzElCfjRr/Bs=,h2fz1A0qPtW+hGK+WYxSz0NYbgo=
22,8,UQ23LwbN3/cWOGOEzElCfjRr/Bs=,qipiUJlO6MqphUbGCox+l3BgvS4=
18,4,UQ23LwbN3/cWOGOEzElCfjRr/Bs=,qipiUJlO6MqphUbGCox+l3BgvS4=
25,9,UQ23LwbN3/cWOGOEzElCfjRr/Bs=,qipiUJlO6MqphUbGCox+l3BgvS4=
29,6,v9eq199vzcCLH+n4eSsQm9i36vA=,h2fz1A0qPtW+hGK+WYxSz0NYbgo=
28,7,UQ23LwbN3/cWOGOEzElCfjRr/Bs=,h2fz1A0qPtW+hGK+WYxSz0NYbgo=
28,2,UQ23LwbN3/cWOGOEzElCfjRr/Bs=,h2fz1A0qPtW+hGK+WYxSz0NYbgo=
23,3,UQ23LwbN3/cWOGOEzElCfjRr/Bs=,qipiUJlO6MqphUbGCox+l3BgvS4=
20,15,UQ23LwbN3/cWOGOEzElCfjRr/Bs=,qipiUJlO6MqphUbGCox+l3BgvS4=
24,9,UQ23LwbN3/cWOGOEzElCfjRr/Bs=,qipiUJlO6MqphUbGCox+l3BgvS4=
22,7,v9eq199vzcCLH+n4eSsQm9i36vA=,qipiUJlO6MqphUbGCox+l3BgvS4=
23,14,UQ23LwbN3/cWOGOEzElCfjRr/Bs=,qipiUJlO6MqphUbGCox+l3BgvS4=
17,4,UQ23LwbN3/cWOGOEzElCfjRr/Bs=,qipiUJlO6MqphUbGCox+l3BgvS4=
22,3,UQ23LwbN3/cWOGOEzElCfjRr/Bs=,qipiUJlO6MqphUbGCox+l3BgvS4=
23,1,UQ23LwbN3/cWOGOEzElCfjRr/Bs=,qipiUJlO6MqphUbGCox+l3BgvS4=
23,2,UQ23LwbN3/cWOGOEzElCfjRr/Bs=,qipiUJlO6MqphUbGCox+l3BgvS4=
25,2,UQ23LwbN3/cWOGOEzElCfjRr/Bs=,h2fz1A0qPtW+hGK+WYxSz0NYbgo=
30,6,v9eq199vzcCLH+n4eSsQm9i36vA=,h2fz1A0qPtW+hGK+WYxSz0NYbgo=
30,2,UQ23LwbN3/cWOGOEzElCfjRr/Bs=,h2fz1A0qPtW+hGK+WYxSz0NYbgo=
16,8,v9eq199vzcCLH+n4eSsQm9i36vA=,qipiUJlO6MqphUbGCox+l3BgvS4=
23,11,UQ23LwbN3/cWOGOEzElCfjRr/Bs=,qipiUJlO6MqphUbGCox+l3BgvS4=
25,8,UQ23LwbN3/cWOGOEzElCfjRr/Bs=,qipiUJlO6MqphUbGCox+l3BgvS4=
29,2,UQ23LwbN3/cWOGOEzElCfjRr/Bs=,h2fz1A0qPtW+hGK+WYxSz0NYbgo=
26,8,UQ23LwbN3/cWOGOEzElCfjRr/Bs=,qipiUJlO6MqphUbGCox+l3BgvS4=
19,15,UQ23LwbN3/cWOGOEzElCfjRr/Bs=,qipiUJlO6MqphUbGCox+l3BgvS4=
23,10,UQ23LwbN3/cWOGOEzElCfjRr/Bs=,qipiUJlO6MqphUbGCox+l3BgvS4=
27,11,UQ23LwbN3/cWOGOEzElCfjRr/Bs=,qipiUJlO6MqphUbGCox+l3BgvS4=
25,11,UQ23LwbN3/cWOGOEzElCfjRr/Bs=,qipiUJlO6MqphUbGCox+l3BgvS4=
27,1,UQ23LwbN3/cWOGOEzElCfjRr/Bs=,h2fz1A0qPtW+hGK+WYxSz0NYbgo=
26,11,UQ23LwbN3/cWOGOEzElCfjRr/Bs=,qipiUJlO6MqphUbGCox+l3BgvS4=
27,6,UQ23LwbN3/cWOGOEzElCfjRr/Bs=,h2fz1A0qPtW+hGK+WYxSz0NYbgo=
26,6,UQ23LwbN3/cWOGOEzElCfjRr/Bs=,h2fz1A0qPtW+hGK+WYxSz0NYbgo=
24,11,UQ23LwbN3/cWOGOEzElCfjRr/Bs=,qipiUJlO6MqphUbGCox+l3BgvS4=
27,5,UQ23LwbN3/cWOGOEzElCfjRr/Bs=,h2fz1A0qPtW+hGK+WYxSz0NYbgo=
25,6,UQ23LwbN3/cWOGOEzElCfjRr/Bs=,h2fz1A0qPtW+hGK+WYxSz0NYbgo=
18,15,UQ23LwbN3/cWOGOEzElCfjRr/Bs=,qipiUJlO6MqphUbGCox+l3BgvS4=
27,8,UQ23LwbN3/cWOGOEzElCfjRr/Bs=,qipiUJlO6MqphUbGCox+l3BgvS4=
25,5,v9eq199vzcCLH+n4eSsQm9i36vA=,h2fz1A0qPtW+hGK+WYxSz0NYbgo=
26,5,UQ23LwbN3/cWOGOEzElCfjRr/Bs=,h2fz1A0qPtW+hGK+WYxSz0NYbgo=
25,4,v9eq199vzcCLH+n4eSsQm9i36vA=,h2fz1A0qPtW+hGK+WYxSz0NYbgo=
26,4,v9eq199vzcCLH+n4eSsQm9i36vA=,h2fz1A0qPtW+hGK+WYxSz0NYbgo=
22,9,UQ23LwbN3/cWOGOEzElCfjRr/Bs=,qipiUJlO6MqphUbGCox+l3BgvS4=
21,9,UQ23LwbN3/cWOGOEzElCfjRr/Bs=,qipiUJlO6MqphUbGCox+l3BgvS4=
22,11,UQ23LwbN3/cWOGOEzElCfjRr/Bs=,qipiUJlO6MqphUbGCox+l3BgvS4=
20,9,UQ23LwbN3/cWOGOEzElCfjRr/Bs=,qipiUJlO6MqphUbGCox+l3BgvS4=
17,15,UQ23LwbN3/cWOGOEzElCfjRr/Bs=,qipiUJlO6MqphUbGCox+l3BgvS4=
20,11,UQ23LwbN3/cWOGOEzElCfjRr/Bs=,qipiUJlO6MqphUbGCox+l3BgvS4=
22,10,UQ23LwbN3/cWOGOEzElCfjRr/Bs=,qipiUJlO6MqphUbGCox+l3BgvS4=
21,10,UQ23LwbN3/cWOGOEzElCfjRr/Bs=,qipiUJlO6MqphUbGCox+l3BgvS4=
20,10,UQ23LwbN3/cWOGOEzElCfjRr/Bs=,qipiUJlO6MqphUbGCox+l3BgvS4=
27,4,v9eq199vzcCLH+n4eSsQm9i36vA=,h2fz1A0qPtW+hGK+WYxSz0NYbgo=
18,8,UQ23LwbN3/cWOGOEzElCfjRr/Bs=,qipiUJlO6MqphUbGCox+l3BgvS4=
24,3,UQ23LwbN3/cWOGOEzElCfjRr/Bs=,h2fz1A0qPtW+hGK+WYxSz0NYbgo=
26,1,UQ23LwbN3/cWOGOEzElCfjRr/Bs=,h2fz1A0qPtW+hGK+WYxSz0NYbgo=
18,6,UQ23LwbN3/cWOGOEzElCfjRr/Bs=,qipiUJlO6MqphUbGCox+l3BgvS4=
21,11,UQ23LwbN3/cWOGOEzElCfjRr/Bs=,qipiUJlO6MqphUbGCox+l3BgvS4=
16,13,v9eq199vzcCLH+n4eSsQm9i36vA=,qipiUJlO6MqphUbGCox+l3BgvS4=
17,5,UQ23LwbN3/cWOGOEzElCfjRr/Bs=,qipiUJlO6MqphUbGCox+l3BgvS4=
19,5,UQ23LwbN3/cWOGOEzElCfjRr/Bs=,qipiUJlO6MqphUbGCox+l3BgvS4=
18,5,UQ23LwbN3/cWOGOEzElCfjRr/Bs=,qipiUJlO6MqphUbGCox+l3BgvS4=
21,5,v9eq199vzcCLH+n4eSsQm9i36vA=,qipiUJlO6MqphUbGCox+l3BgvS4=
20,6,UQ23LwbN3/cWOGOEzElCfjRr/Bs=,qipiUJlO6MqphUbGCox+l3BgvS4=
20,5,v9eq199vzcCLH+n4eSsQm9i36vA=,qipiUJlO6MqphUbGCox+l3BgvS4=
17,7,UQ23LwbN3/cWOGOEzElCfjRr/Bs=,qipiUJlO6MqphUbGCox+l3BgvS4=
19,6,UQ23LwbN3/cWOGOEzElCfjRr/Bs=,qipiUJlO6MqphUbGCox+l3BgvS4=
24,5,UQ23LwbN3/cWOGOEzElCfjRr/Bs=,h2fz1A0qPtW+hGK+WYxSz0NYbgo=
25,1,UQ23LwbN3/cWOGOEzElCfjRr/Bs=,h2fz1A0qPtW+hGK+WYxSz0NYbgo=
19,8,UQ23LwbN3/cWOGOEzElCfjRr/Bs=,qipiUJlO6MqphUbGCox+l3BgvS4=
24,4,UQ23LwbN3/cWOGOEzElCfjRr/Bs=,h2fz1A0qPtW+hGK+WYxSz0NYbgo=
20,8,UQ23LwbN3/cWOGOEzElCfjRr/Bs=,qipiUJlO6MqphUbGCox+l3BgvS4=
16,14,v9eq199vzcCLH+n4eSsQm9i36vA=,qipiUJlO6MqphUbGCox+l3BgvS4=
18,7,UQ23LwbN3/cWOGOEzElCfjRr/Bs=,qipiUJlO6MqphUbGCox+l3BgvS4=
21,8,UQ23LwbN3/cWOGOEzElCfjRr/Bs=,qipiUJlO6MqphUbGCox+l3BgvS4=
19,7,UQ23LwbN3/cWOGOEzElCfjRr/Bs=,qipiUJlO6MqphUbGCox+l3BgvS4=
21,7,v9eq199vzcCLH+n4eSsQm9i36vA=,qipiUJlO6MqphUbGCox+l3BgvS4=
20,3,UQ23LwbN3/cWOGOEzElCfjRr/Bs=,qipiUJlO6MqphUbGCox+l3BgvS4=
22,1,UQ23LwbN3/cWOGOEzElCfjRr/Bs=,qipiUJlO6MqphUbGCox+l3BgvS4=
20,1,UQ23LwbN3/cWOGOEzElCfjRr/Bs=,qipiUJlO6MqphUbGCox+l3BgvS4=
24,8,UQ23LwbN3/cWOGOEzElCfjRr/Bs=,qipiUJlO6MqphUbGCox+l3BgvS4=
23,13,UQ23LwbN3/cWOGOEzElCfjRr/Bs=,qipiUJlO6MqphUbGCox+l3BgvS4=
22,2,UQ23LwbN3/cWOGOEzElCfjRr/Bs=,qipiUJlO6MqphUbGCox+l3BgvS4=
21,3,UQ23LwbN3/cWOGOEzElCfjRr/Bs=,qipiUJlO6MqphUbGCox+l3BgvS4=
21,2,UQ23LwbN3/cWOGOEzElCfjRr/Bs=,qipiUJlO6MqphUbGCox+l3BgvS4=
20,7,v9eq199vzcCLH+n4eSsQm9i36vA=,qipiUJlO6MqphUbGCox+l3BgvS4=
16,12,UQ23LwbN3/cWOGOEzElCfjRr/Bs=,qipiUJlO6MqphUbGCox+l3BgvS4=
23,12,UQ23LwbN3/cWOGOEzElCfjRr/Bs=,qipiUJlO6MqphUbGCox+l3BgvS4=
21,6,v9eq199vzcCLH+n4eSsQm9i36vA=,qipiUJlO6MqphUbGCox+l3BgvS4=
22,14,UQ23LwbN3/cWOGOEzElCfjRr/Bs=,qipiUJlO6MqphUbGCox+l3BgvS4=
21,1,UQ23LwbN3/cWOGOEzElCfjRr/Bs=,qipiUJlO6MqphUbGCox+l3BgvS4=
22,13,UQ23LwbN3/cWOGOEzElCfjRr/Bs=,qipiUJlO6MqphUbGCox+l3BgvS4=
21,14,UQ23LwbN3/cWOGOEzElCfjRr/Bs=,qipiUJlO6MqphUbGCox+l3BgvS4=
24,15,UQ23LwbN3/cWOGOEzElCfjRr/Bs=,qipiUJlO6MqphUbGCox+l3BgvS4=
20,14,UQ23LwbN3/cWOGOEzElCfjRr/Bs=,qipiUJlO6MqphUbGCox+l3BgvS4=
20,2,UQ23LwbN3/cWOGOEzElCfjRr/Bs=,qipiUJlO6MqphUbGCox+l3BgvS4=
25,15,UQ23LwbN3/cWOGOEzElCfjRr/Bs=,qipiUJlO6MqphUbGCox+l3BgvS4=
28,15,UQ23LwbN3/cWOGOEzElCfjRr/Bs=,qipiUJlO6MqphUbGCox+l3BgvS4=
21,13,UQ23LwbN3/cWOGOEzElCfjRr/Bs=,qipiUJlO6MqphUbGCox+l3BgvS4=
21,12,UQ23LwbN3/cWOGOEzElCfjRr/Bs=,qipiUJlO6MqphUbGCox+l3BgvS4=
26,15,UQ23LwbN3/cWOGOEzElCfjRr/Bs=,qipiUJlO6MqphUbGCox+l3BgvS4=
22,12,UQ23LwbN3/cWOGOEzElCfjRr/Bs=,qipiUJlO6MqphUbGCox+l3BgvS4=
19,14,UQ23LwbN3/cWOGOEzElCfjRr/Bs=,qipiUJlO6MqphUbGCox+l3BgvS4=
27,15,UQ23LwbN3/cWOGOEzElCfjRr/Bs=,qipiUJlO6MqphUbGCox+l3BgvS4=
20,12,UQ23LwbN3/cWOGOEzElCfjRr/Bs=,qipiUJlO6MqphUbGCox+l3BgvS4=
30,15,UQ23LwbN3/cWOGOEzElCfjRr/Bs=,qipiUJlO6MqphUbGCox+l3BgvS4=
29,15,UQ23LwbN3/cWOGOEzElCfjRr/Bs=,qipiUJlO6MqphUbGCox+l3BgvS4=
31,15,UQ23LwbN3/cWOGOEzElCfjRr/Bs=,qipiUJlO6MqphUbGCox+l3BgvS4=
20,13,UQ23LwbN3/cWOGOEzElCfjRr/Bs=,qipiUJlO6MqphUbGCox+l3BgvS4=
24,12,UQ23LwbN3/cWOGOEzElCfjRr/Bs=,qipiUJlO6MqphUbGCox+l3BgvS4=
16,15,v9eq199vzcCLH+n4eSsQm9i36vA=,qipiUJlO6MqphUbGCox+l3BgvS4=
23,15,UQ23LwbN3/cWOGOEzElCfjRr/Bs=,qipiUJlO6MqphUbGCox+l3BgvS4=
17,12,v9eq199vzcCLH+n4eSsQm9i36vA=,qipiUJlO6MqphUbGCox+l3BgvS4=
18,14,UQ23LwbN3/cWOGOEzElCfjRr/Bs=,qipiUJlO6MqphUbGCox+l3BgvS4=
31,14,UQ23LwbN3/cWOGOEzElCfjRr/Bs=,qipiUJlO6MqphUbGCox+l3BgvS4=
19,12,v9eq199vzcCLH+n4eSsQm9i36vA=,qipiUJlO6MqphUbGCox+l3BgvS4=
17,13,UQ23LwbN3/cWOGOEzElCfjRr/Bs=,qipiUJlO6MqphUbGCox+l3BgvS4=
17,14,UQ23LwbN3/cWOGOEzElCfjRr/Bs=,qipiUJlO6MqphUbGCox+l3BgvS4=
25,12,UQ23LwbN3/cWOGOEzElCfjRr/Bs=,qipiUJlO6MqphUbGCox+l3BgvS4=
18,12,v9eq199vzcCLH+n4eSsQm9i36vA=,qipiUJlO6MqphUbGCox+l3BgvS4=
19,13,UQ23LwbN3/cWOGOEzElCfjRr/Bs=,qipiUJlO6MqphUbGCox+l3BgvS4=
18,3,UQ23LwbN3/cWOGOEzElCfjRr/Bs=,qipiUJlO6MqphUbGCox+l3BgvS4=
31,13,UQ23LwbN3/cWOGOEzElCfjRr/Bs=,qipiUJlO6MqphUbGCox+l3BgvS4=
18,13,UQ23LwbN3/cWOGOEzElCfjRr/Bs=,qipiUJlO6MqphUbGCox+l3BgvS4=
16,0,UQ23LwbN3/cWOGOEzElCfjRr/Bs=,qipiUJlO6MqphUbGCox+l3BgvS4=
16,3,UQ23LwbN3/cWOGOEzElCfjRr/Bs=,qipiUJlO6MqphUbGCox+l3BgvS4=
19,2,UQ23LwbN3/cWOGOEzElCfjRr/Bs=,qipiUJlO6MqphUbGCox+l3BgvS4=
26,12,UQ23LwbN3/cWOGOEzElCfjRr/Bs=,qipiUJlO6MqphUbGCox+l3BgvS4=
17,3,UQ23LwbN3/cWOGOEzElCfjRr/Bs=,qipiUJlO6MqphUbGCox+l3BgvS4=
16,2,UQ23LwbN3/cWOGOEzElCfjRr/Bs=,qipiUJlO6MqphUbGCox+l3BgvS4=
31,12,UQ23LwbN3/cWOGOEzElCfjRr/Bs=,qipiUJlO6MqphUbGCox+l3BgvS4=
16,1,UQ23LwbN3/cWOGOEzElCfjRr/Bs=,qipiUJlO6MqphUbGCox+l3BgvS4=
17,2,UQ23LwbN3/cWOGOEzElCfjRr/Bs=,qipiUJlO6MqphUbGCox+l3BgvS4=
30,14,UQ23LwbN3/cWOGOEzElCfjRr/Bs=,qipiUJlO6MqphUbGCox+l3BgvS4=
28,12,UQ23LwbN3/cWOGOEzElCfjRr/Bs=,qipiUJlO6MqphUbGCox+l3BgvS4=
27,12,UQ23LwbN3/cWOGOEzElCfjRr/Bs=,qipiUJlO6MqphUbGCox+l3BgvS4=
18,2,UQ23LwbN3/cWOGOEzElCfjRr/Bs=,qipiUJlO6MqphUbGCox+l3BgvS4=
29,14,UQ23LwbN3/cWOGOEzElCfjRr/Bs=,qipiUJlO6MqphUbGCox+l3BgvS4=
29,12,UQ23LwbN3/cWOGOEzElCfjRr/Bs=,qipiUJlO6MqphUbGCox+l3BgvS4=
18,0,UQ23LwbN3/cWOGOEzElCfjRr/Bs=,qipiUJlO6MqphUbGCox+l3BgvS4=
28,14,UQ23LwbN3/cWOGOEzElCfjRr/Bs=,qipiUJlO6MqphUbGCox+l3BgvS4=
30,12,UQ23LwbN3/cWOGOEzElCfjRr/Bs=,qipiUJlO6MqphUbGCox+l3BgvS4=
24,13,UQ23LwbN3/cWOGOEzElCfjRr/Bs=,qipiUJlO6MqphUbGCox+l3BgvS4=
19,3,UQ23LwbN3/cWOGOEzElCfjRr/Bs=,qipiUJlO6MqphUbGCox+l3BgvS4=
26,13,UQ23LwbN3/cWOGOEzElCfjRr/Bs=,qipiUJlO6MqphUbGCox+l3BgvS4=
25,13,UQ23LwbN3/cWOGOEzElCfjRr/Bs=,qipiUJlO6MqphUbGCox+l3BgvS4=
27,13,UQ23LwbN3/cWOGOEzElCfjRr/Bs=,qipiUJlO6MqphUbGCox+l3BgvS4=
28,13,UQ23LwbN3/cWOGOEzElCfjRr/Bs=,qipiUJlO6MqphUbGCox+l3BgvS4=
17,1,UQ23LwbN3/cWOGOEzElCfjRr/Bs=,qipiUJlO6MqphUbGCox+l3BgvS4=
17,0,UQ23LwbN3/cWOGOEzElCfjRr/Bs=,qipiUJlO6MqphUbGCox+l3BgvS4=
24,14,UQ23LwbN3/cWOGOEzElCfjRr/Bs=,qipiUJlO6MqphUbGCox+l3BgvS4=
27,14,UQ23LwbN3/cWOGOEzElCfjRr/Bs=,qipiUJlO6MqphUbGCox+l3BgvS4=
19,0,UQ23LwbN3/cWOGOEzElCfjRr/Bs=,qipiUJlO6MqphUbGCox+l3BgvS4=
30,13,UQ23LwbN3/cWOGOEzElCfjRr/Bs=,qipiUJlO6MqphUbGCox+l3BgvS4=
29,13,UQ23LwbN3/cWOGOEzElCfjRr/Bs=,qipiUJlO6MqphUbGCox+l3BgvS4=
19,1,UQ23LwbN3/cWOGOEzElCfjRr/Bs=,qipiUJlO6MqphUbGCox+l3BgvS4=
25,14,UQ23LwbN3/cWOGOEzElCfjRr/Bs=,qipiUJlO6MqphUbGCox+l3BgvS4=
18,1,UQ23LwbN3/cWOGOEzElCfjRr/Bs=,qipiUJlO6MqphUbGCox+l3BgvS4=
26,14,UQ23LwbN3/cWOGOEzElCfjRr/Bs=,qipiUJlO6MqphUbGCox+l3BgvS4=
