0,0,ueds+KszWi0/j7kXD5n8IG/pt0w=,qJzv+Y0nAALE0JHCnnahiPvsSb8=
0,1,ueds+KszWi0/j7kXD5n8IG/pt0w=,g7itbHIMaXJNwQGVzto+QsGgz30=
0,2,ueds+KszWi0/j7kXD5n8IG/pt0w=,pYRpyacSQwuhB6USCFLdDbgsYMg=
0,3,ueds+KszWi0/j7kXD5n8IG/pt0w=,8vaBfTRxpw1fD01rQg0gFc4MUO8=
1,1,ueds+KszWi0/j7kXD5n8IG/pt0w=,08MlbJqEjnB9sUfdr5wkXTaxeHw=
1,0,ueds+KszWi0/j7kXD5n8IG/pt0w=,HxJ8E+jsD7BKDLLD9NxbzmcGpb4=
1,3,ueds+KszWi0/j7kXD5n8IG/pt0w=,0ve3lZ0Iccco46KYTPkQJKNXm1M=
1,2,ueds+KszWi0/j7kXD5n8IG/pt0w=,bFvfBuw04EeFQjVblNerGcRpJl0=
2,2,ueds+KszWi0/j7kXD5n8IG/pt0w=,4jmCXKabbpV0xHgtscLpMMiCf3w=
2,3,ueds+KszWi0/j7kXD5n8IG/pt0w=,FRHX+7ASQzG2mB6eLexdgystetg=
2,0,ueds+KszWi0/j7kXD5n8IG/pt0w=,uuqO2fUcYpxvhX6Hhce3CEC60m0=
2,1,ueds+KszWi0/j7kXD5n8IG/pt0w=,u4Y8SyQrQoDxYPC9F4PJUe4Qvpw=
3,3,ueds+KszWi0/j7kXD5n8IG/pt0w=,mExP+2LNzQla9ekM97iuf3xdHEs=
3,2,ueds+KszWi0/j7kXD5n8IG/pt0w=,k3ZsahGmtBuifV7bCVqsUKPoTLM=
3,1,ueds+KszWi0/j7kXD5n8IG/pt0w=,g+2yQ1w9mlWaWnOmocS/EpuqWNk=
3,0,E9IrhlXwl5RK7XP2MSeL1UmiMus=,MV2shOWOACHPN9Pa20YnGbnHigQ=
